"Title","Date"
"美∙EU서 강해지는 AI규제...국내 기업 대응은?"," 블로터언론사 선정2024.01.01.네이버뉴스 "
"“루머 폭격이 쏟아진다”… AI 가짜뉴스, 美 대선 위협"," 국민일보언론사 선정2023.12.31.네이버뉴스 "
"[ET 시론] AI법 제정, AI 발전과 안전 활용의 초석"," 전자신문24면 TOP2024.01.01.네이버뉴스 "
"AI 규제 나선 글로벌…한국도 '잰걸음'"," 뉴스토마토2024.01.01. "
"""글로벌 AI 규범 주도해야""…과기정통부, 각계 의견 수렴"," 아시아경제언론사 선정2023.12.28.네이버뉴스 "
"AI 정책정보 플랫폼 선보인 안종범"," 매일경제A25면 1단2023.12.31.네이버뉴스 "
"AI영재고, 반드시 국회 통과를"," 전남매일2024.01.01. "
"딥페이크 등 AI 악용한 가짜뉴스, 美 대선 위협한다"," 국민일보14면 TOP2024.01.01.네이버뉴스 "
"한국도 미국처럼 ‘AI가 만든 콘텐츠’에 워터마크 규제 추진할까?"," 디지털데일리2024.01.01.네이버뉴스 "
"‘AI 딥페이크 영상 워터마크 의무화법’ 발의"," 이데일리2023.12.31.네이버뉴스 "
"과기정통부, 인공지능 규범 의견수렴…“AI 법안 조속 제정”"," 이투데이2023.12.28. "
"AI영재고, 반드시 국회 통과를"," 전남매일2024.01.01. "
"올해의 인물 인공지능(AI), '혁신'과 '위험' 사이 그대는 어디쯤 있나요..."," 주간조선언론사 선정2023.12.29.네이버뉴스 "
"[ 2024 유망산업] '배터리·생성형 AI'"," 뉴스저널리즘2023.12.31. "
"AI 경쟁력 꽃 필 무렵...'포털 길들이기' 한파"," 지디넷코리아언론사 선정2023.12.29.네이버뉴스 "
"'교사 AI교육 재원' 법안, 교부금 '1%→0.8%'로 조정 유력"," 뉴시스언론사 선정2023.12.20.네이버뉴스 "
"AI 가짜뉴스 쓰나미… 47國 선거판 흔든다"," 서울신문언론사 선정1면 1단2023.12.28.네이버뉴스 "
"음악방송에 안무가 이름 표기…AI 창작물 저작권 등록은 금지"," 이데일리2023.12.27.네이버뉴스 "
"개인정보위 고학수 ""AI 고민 담은 가이드라인 새해 다수 발표"""," 지디넷코리아언론사 선정2023.12.26.네이버뉴스 "
"""선거 앞두고 AI 가짜뉴스 쓰나미처럼 덮칠 것""…전문가들 경고"," 연합뉴스2023.12.27.네이버뉴스 "
"AI 저작권 첫 가이드라인…""적절한 보상"" VS ""경쟁 뒤처져"""," 아시아경제14면 TOP2023.12.28.네이버뉴스 "
"[월클뉴스]AI로 날개 단 가짜뉴스…선거판세 휘젓고 목숨까지"," JTBC언론사 선정2023.12.27.네이버뉴스 "
"[2023 10대 뉴스-해외] EU, 세계최초 AI 규제법 통과"," 전자신문13면 2단2023.12.27.네이버뉴스 "
"'광주 AI영재고' 설립 법률 개정안 처리 내년으로 미뤄져"," 연합뉴스2023.12.28.네이버뉴스 "
"생성형 AI ‘챗봇’ 사용연령 낮추는 글로벌 빅테크"," 국민일보16면 TOP2023.12.26.네이버뉴스 "
"SKT 전화녹음・삼성 실시간 전화 통역...AI 서비스는 쏟아지는데 관련 법..."," 녹색경제신문2023.12.30. "
"고학수 “AI 산업, 속도조절 필요···한국적 생태계 만들어야”"," 경향신문2023.12.26.네이버뉴스 "
"애플, AI 학습용 뉴스 사용료로 651억원 낸다"," 조선일보A6면 1단2023.12.25.네이버뉴스 "
"[테크M 어워드] 테크M이 뽑은 올해의 키워드 'AI'"," 테크M2023.12.29. "
"[전문가 기고] 전략적 의사결정을 위한 생성형 AI의 9가지 경제적 영향"," 아이티데일리2023.12.31. "
"AI의 초지능화 위협…“이르면 5년 뒤 인간 초월 확률 50%”"," 한겨레언론사 선정2023.12.25.네이버뉴스 "
"""AI 규제, 美·EU 좇지 않을것 …국익 최우선 우리 길 찾아야"""," 서울경제31면 9단2023.12.26.네이버뉴스 "
"[2023 ICT 10대 뉴스] '챗GPT'가 몰고온 AI 열풍…행정망 장애와 '식물화..."," 디지털데일리언론사 선정2023.12.28.네이버뉴스 "
"올해도, 내년에도 숨 가쁜 AI 시장…주목할 만한 키워드는?"," 디지털데일리언론사 선정2023.12.27.네이버뉴스 "
"고학수 개인정보위원장 “AI 법, 미국·유럽식도 아닌 우리 국익 따라야..."," 이투데이2023.12.26. "
"할리우드 파업 결실 ""저작권은 인간만""... 한국도 AI 대응 나선다"," 이코노믹리뷰2023.12.28. "
"자고 나면 달라지는 AI 기술…EU서 ‘포괄적 규제’ 법안 세계 첫 제정"," 이코노미스트언론사 선정2023.12.09.네이버뉴스 "
"유럽 AI 규제법 핵심은 'AI 기술' 아닌 '사용 방법'"," 글로벌이코노믹2023.12.27. "
"A to Z로 돌아본 2023년…생성 AI 상용화, 한일관계 복원, 이스라엘-하마..."," 한국경제언론사 선정A2면 1단2023.12.27.네이버뉴스 "
"[사설] 언론사 뉴스 가져다 공짜로 AI 학습시키는 네이버의 무임승차"," 조선일보A31면 1단2023.12.30.네이버뉴스 "
"“국가 경쟁력 좌우할 韓 AI 기술 ‘상위권’… 맞춤형 지원·제도 절실..."," 서울신문언론사 선정12면 1단2023.12.20.네이버뉴스 "
"[전창배의 AI세상] 정치와 인공지능"," 뉴스웍스2023.12.29. "
"[데스크 칼럼] AI 시대, 잊어선 안 될 것"," 부산일보언론사 선정23면 TOP2023.12.18.네이버뉴스 "
"""EU 세계 첫 AI규제…韓 생태계 지킬 방안 시급"""," 이데일리언론사 선정A1면 TOP2023.12.11.네이버뉴스 "
"美 하원, AI 투명성 법안 제출…저작권 보호 힘 실을까?"," 디지털투데이2023.12.27. "
"[Z시세] '가짜 AI' 잡는 AI… 한국엔 개발할 능력자가 없다?"," 머니S언론사 선정2023.12.18.네이버뉴스 "
"고학수 개인정보위원장 ""각국 AI규제 제각각…韓 유연한 제도 고민해야..."," 이데일리언론사 선정A6면 TOP2023.12.11.네이버뉴스 "
"'광주 AI영재고' 설립 법률 개정안 처리 내년으로 미뤄져"," 남도일보2023.12.30. "
"그것이 알고 싶다! AI 시대에 던진 궁금증들 [SDF다이어리]"," SBS2023.12.24.네이버뉴스 "
"바이든 대통령, ‘주한미군 규모 유지’ 등 국방수권법안 서명"," VOA2023.12.26. "
"EU, 선거·의료정보에 AI 사용 규제 … 학습데이터는 투명 공개"," 매일경제언론사 선정A3면 TOP2023.12.10.네이버뉴스 "
"생체정보 무단수집 벌금 500억원… EU, 세계 첫 ‘AI 법’ 합의 [뉴스 투..."," 세계일보언론사 선정A2면 1단2023.12.10.네이버뉴스 "
"이종호 “우주항공청·AI법 통과 늦어지면 韓국제경쟁력 훼손”"," 문화일보16면 TOP2023.12.26.네이버뉴스 "
"달빛철도 특별법·광주AI영재고 등 지역현안 국회처리 지연"," 연합뉴스2023.12.20.네이버뉴스 "
"이용빈 의원, 광주 AI영재고 설립법안 국민의힘 발목 잡아"," 프라임경제2023.12.20. "
"김주하 AI 앵커가 전하는 주요뉴스"," MBN2023.12.27.네이버뉴스 "
"[국민의 기업] “창작자 권리 보호하고 AI 산업이 발전할 수 있는 계기가..."," 중앙일보C5면 1단2023.12.21.네이버뉴스 "
"[손병채의 센스메이킹]〈27〉생성AI의 2023년, 이후의 인간의 의미"," 전자신문26면 3단2023.12.25.네이버뉴스 "
"[뉴스1 선정 국내 10대뉴스] 전세사기·흉기난동 '공분'…한미일 동맹·..."," 뉴스1언론사 선정2023.12.18.네이버뉴스 "
"女정치인 보조금 세분화·성범죄자 배달 금지 등 법안 130여건 통과"," 서울신문언론사 선정5면 1단2023.12.21.네이버뉴스 "
"美·英, MS·오픈AI 반독점 위반 조사"," 매일경제언론사 선정A3면 1단2023.12.10.네이버뉴스 "
"EU, 세계 첫 'AI 규제법' 제정 논의 재개"," 지디넷코리아언론사 선정2023.12.08.네이버뉴스 "
"EU, 세계 최초로 AI 규제법 합의…어기면 벌금 ‘500억’"," KBS언론사 선정2023.12.09.네이버뉴스 "
"""AI 시대, 실질적인 개인정보 가이드라인 필요""…스타트업 한목소리"," 디지털데일리2023.12.21.네이버뉴스 "
"“AI지도로 北 상황도 파악”… AI서 기후·식량 해법 찾는 美스타트업..."," 동아일보A28면 TOP2023.12.20.네이버뉴스 "
"치명적인 AI 법안... 이러다가 한국만 고립되게 생겼다 [소셜 코리아]"," 오마이뉴스언론사 선정2023.12.08.네이버뉴스 "
"EU ""학교 AI 감정인식 금지"" 법안제정, 한국 교육부는?"," 오마이뉴스2023.12.13.네이버뉴스 "
"[2023 산업계 결산] ""AI열풍불고 물가안정 사활···글로벌 불확실성 지..."," 에너지경제2023.12.28. "
"이용빈 “‘광주 AI영재고 설립법’ 국회 통과 촉구”"," 전남매일2023.12.21. "
"여성정치발전비 구체화·딥페이크 선거 규제 등 법안 130건 본회의 통과"," 서울신문언론사 선정2023.12.20.네이버뉴스 "
"[박상오 변호사의 콘텐츠(Content) 법률 산책] EU의 'AI 규제법' 도입을 ..."," 메트로신문2023.12.24. "
"미국, AI 유엔 결의 추진…""인류 전체 위해 선량하게 쓰자"""," 연합뉴스2023.12.14.네이버뉴스 "
"AI 의료기기 다루는 '디지털의료제품법' 국회 본회의 통과"," 한국경제TV2023.12.20.네이버뉴스 "
"""세계 첫 AI 규제법 합의 임박""…EU, 어떤 내용 담나"," 아시아경제언론사 선정2023.12.07.네이버뉴스 "
"국가 간 통상마찰 우려…글로벌 AI기업 비용 부담"," 이데일리언론사 선정A6면 3단2023.12.11.네이버뉴스 "
"英 음란물 연령확인에 AI 안면인식 도입…EU와 정반대 행보"," 뉴스1언론사 선정2023.12.09.네이버뉴스 "
"""정치인 게섯거라""…브라질서 AI가 만든 조례, 만장일치 통과"," 뉴시스언론사 선정2023.12.05.네이버뉴스 "
"마크롱 “EU AI혁신 막을 것” 경고…AI규제안 막판 변수 떠올라"," 이데일리언론사 선정2023.12.12.네이버뉴스 "
"""EU, 챗GPT 대항할 'AI 법' 잠정 합의""…'가장 광범위한 규제'"," 연합뉴스2023.12.07.네이버뉴스 "
"'안전한 AI' 글로벌 논의 가속…우리나라는?"," 머니투데이방송2023.12.12. "
"(금요아침) AI 시대에 유럽을 보는 이유"," 전기신문2023.12.21. "
"세계는 지금 '선거철 AI딥페이크' 주의보⋯ ""거짓의 쓰나미가 온다"""," 아시아타임즈2023.12.28. "
"美-英, MS '오픈AI 독점 가능성' 조사…앱 논란 속에 EU, AI규제법 합의"," SBS Biz언론사 선정2023.12.11.네이버뉴스 "
"""AI 반도체""… 시장의 주요 이슈"," 디지털비즈온2023.12.30. "
"AI가 내 평판 긁어 ‘점수’ 매긴다면… ‘마이너리티 리포트’ 법 생겼..."," 한겨레언론사 선정2면 1단2023.12.10.네이버뉴스 "
"배달라이더 범죄 경력 조회·공교육 AI 강화 민생법안 통과"," 국회방송2023.12.22. "
"한국방송협회 ""빅테크, 허락없이 저작물 AI 학습에 써선 안 돼"""," 기자협회보언론사 선정2023.12.14.네이버뉴스 "
"국회, 예산부수법안 처리…결혼·출산시 3억원까지 증여 공제"," 굿모닝경제2023.12.21. "
"AI 주도권 다툼, 결국 '밥그릇' 싸움되나"," 주간한국2023.12.15. "
"두 개의 전쟁, 최악 폭염, AI 논쟁... 지구촌 경고음 더 커졌다 [세계 10..."," 한국일보11면 1단2023.12.28.네이버뉴스 "
"과기정통부, AI 규범 의견수렴 나서...""미·EU식 균형 접근 필요"""," AI타임스2023.12.29. "
"만장일치 통과된 브라질 조례…""사실은 AI가 만든 것"" 충격 고백"," 중앙일보2023.12.05.네이버뉴스 "
"시대가 바꾼 선거법…총선 90일 전부터 'AI 후보 금지'"," 연합뉴스TV2023.12.23.네이버뉴스 "
"[중앙시평] AI 규제, EU 방식은 정답이 아니다"," 중앙일보A31면 1단2023.12.14.네이버뉴스 "
"[데스크의 눈]AI 규제법 서둘러야 하는 진짜 이유"," 이데일리A25면 2단2023.12.13.네이버뉴스 "
"[2023 결산 ④ SW] 달아오른 AI 경쟁, 무대는 서비스로…'법제화'도 관건"," 테크월드2023.12.14. "
"교육감들, '교부금 1% 디지털 교육 사용' 법안 철회 요구"," 뉴시스언론사 선정2023.12.05.네이버뉴스 "
"[리더스포럼]인공지능(AI), 기회와 위험의 공존"," 전자신문27면 3단2023.12.20.네이버뉴스 "
"KOSA 초거대AI추진협의회, 문체부 'AI-저작권 관련 활용 가이드' 개정 요..."," 인공지능신문2023.12.27. "
"AI 윤석열·이재명 못 본다"," 채널A언론사 선정2023.12.05.네이버뉴스 "
"세계 최초 ‘AI 규제법’ 합의…EU, 37시간 논의 끝 안면인식 등 엄격 통..."," 문화일보언론사 선정2023.12.09.네이버뉴스 "
"EU, 선거·의료정보에 AI 사용 규제 … 학습데이터는 투명 공개"," 매일경제언론사 선정A3면 TOP2023.12.10.네이버뉴스 "
"생체정보 무단수집 벌금 500억원… EU, 세계 첫 ‘AI 법’ 합의 [뉴스 투..."," 세계일보언론사 선정A2면 1단2023.12.10.네이버뉴스 "
"이종호 “우주항공청·AI법 통과 늦어지면 韓국제경쟁력 훼손”"," 문화일보16면 TOP2023.12.26.네이버뉴스 "
"달빛철도 특별법·광주AI영재고 등 지역현안 국회처리 지연"," 연합뉴스2023.12.20.네이버뉴스 "
"이용빈 의원, 광주 AI영재고 설립법안 국민의힘 발목 잡아"," 프라임경제2023.12.20. "
"김주하 AI 앵커가 전하는 주요뉴스"," MBN2023.12.27.네이버뉴스 "
"[국민의 기업] “창작자 권리 보호하고 AI 산업이 발전할 수 있는 계기가..."," 중앙일보C5면 1단2023.12.21.네이버뉴스 "
"[손병채의 센스메이킹]〈27〉생성AI의 2023년, 이후의 인간의 의미"," 전자신문26면 3단2023.12.25.네이버뉴스 "
"[뉴스1 선정 국내 10대뉴스] 전세사기·흉기난동 '공분'…한미일 동맹·..."," 뉴스1언론사 선정2023.12.18.네이버뉴스 "
"EU, 세계 최초 'AI 규제법' 합의…안면 인식 등 엄격 통제키로"," SBS2023.12.09.네이버뉴스 "
"[국민의 기업] “창작자 권리 보호하고 AI 산업이 발전할 수 있는 계기가..."," 중앙일보C5면 1단2023.12.21.네이버뉴스 "
"[손병채의 센스메이킹]〈27〉생성AI의 2023년, 이후의 인간의 의미"," 전자신문26면 3단2023.12.25.네이버뉴스 "
"[뉴스1 선정 국내 10대뉴스] 전세사기·흉기난동 '공분'…한미일 동맹·..."," 뉴스1언론사 선정2023.12.18.네이버뉴스 "
"女정치인 보조금 세분화·성범죄자 배달 금지 등 법안 130여건 통과"," 서울신문언론사 선정5면 1단2023.12.21.네이버뉴스 "
"이용빈 의원, '광주 AI영재고 설립' 법안 연내 국회 통과 촉구"," 남도일보2023.12.20. "
"美·英, MS·오픈AI 반독점 위반 조사"," 매일경제언론사 선정A3면 1단2023.12.10.네이버뉴스 "
"EU, 세계 첫 'AI 규제법' 제정 논의 재개"," 지디넷코리아언론사 선정2023.12.08.네이버뉴스 "
"EU, 세계 최초 ‘AI 규제법’ 합의… 안면인식 등 통제"," 국민일보14면 1단2023.12.11.네이버뉴스 "
"EU, 세계 최초로 AI 규제법 합의…어기면 벌금 ‘500억’"," KBS언론사 선정2023.12.09.네이버뉴스 "
"EU, 세계 첫 'AI 규제법' 제정 논의 재개"," 지디넷코리아언론사 선정2023.12.08.네이버뉴스 "
"EU, 세계 최초 ‘AI 규제법’ 합의… 안면인식 등 통제"," 국민일보14면 1단2023.12.11.네이버뉴스 "
"EU, 세계 최초로 AI 규제법 합의…어기면 벌금 ‘500억’"," KBS언론사 선정2023.12.09.네이버뉴스 "
"EU, 세계 최초로 'AI규제법' 합의"," 서울경제10면 9단2023.12.10.네이버뉴스 "
"""AI 시대, 실질적인 개인정보 가이드라인 필요""…스타트업 한목소리"," 디지털데일리2023.12.21.네이버뉴스 "
"“AI지도로 北 상황도 파악”… AI서 기후·식량 해법 찾는 美스타트업..."," 동아일보A28면 TOP2023.12.20.네이버뉴스 "
"치명적인 AI 법안... 이러다가 한국만 고립되게 생겼다 [소셜 코리아]"," 오마이뉴스언론사 선정2023.12.08.네이버뉴스 "
"EU ""학교 AI 감정인식 금지"" 법안제정, 한국 교육부는?"," 오마이뉴스2023.12.13.네이버뉴스 "
"[2023 산업계 결산] ""AI열풍불고 물가안정 사활···글로벌 불확실성 지..."," 에너지경제2023.12.28. "
"이용빈 “‘광주 AI영재고 설립법’ 국회 통과 촉구”"," 전남매일2023.12.21. "
"EU ""학교 AI 감정인식 금지"" 법안제정, 한국 교육부는?"," 오마이뉴스2023.12.13.네이버뉴스 "
"[2023 산업계 결산] ""AI열풍불고 물가안정 사활···글로벌 불확실성 지..."," 에너지경제2023.12.28. "
"이용빈 “‘광주 AI영재고 설립법’ 국회 통과 촉구”"," 전남매일2023.12.21. "
"'윤석열 공약' 이용빈 의원 ""광주 AI영재고, 설립법안 연내 국회통과해..."," 퍼블릭뉴스2023.12.20. "
"여성정치발전비 구체화·딥페이크 선거 규제 등 법안 130건 본회의 통과"," 서울신문언론사 선정2023.12.20.네이버뉴스 "
"[박상오 변호사의 콘텐츠(Content) 법률 산책] EU의 'AI 규제법' 도입을 ..."," 메트로신문2023.12.24. "
"미국, AI 유엔 결의 추진…""인류 전체 위해 선량하게 쓰자"""," 연합뉴스2023.12.14.네이버뉴스 "
"EU, 세계 최초 'AI 규제법' 합의… 안면 인식 등 엄격 통제"," 한국일보2023.12.09.네이버뉴스 "
"AI 의료기기 다루는 '디지털의료제품법' 국회 본회의 통과"," 한국경제TV2023.12.20.네이버뉴스 "
"""세계 첫 AI 규제법 합의 임박""…EU, 어떤 내용 담나"," 아시아경제언론사 선정2023.12.07.네이버뉴스 "
"""세계 첫 AI 규제법 합의 임박""…EU, 어떤 내용 담나"," 아시아경제언론사 선정2023.12.07.네이버뉴스 "
"국가 간 통상마찰 우려…글로벌 AI기업 비용 부담"," 이데일리언론사 선정A6면 3단2023.12.11.네이버뉴스 "
"EU, 세계 최초 'AI 규제법' 합의…안면인식 등 엄격 통제"," SBS Biz2023.12.09.네이버뉴스 "
"英 음란물 연령확인에 AI 안면인식 도입…EU와 정반대 행보"," 뉴스1언론사 선정2023.12.09.네이버뉴스 "
"""정치인 게섯거라""…브라질서 AI가 만든 조례, 만장일치 통과"," 뉴시스언론사 선정2023.12.05.네이버뉴스 "
"마크롱 “EU AI혁신 막을 것” 경고…AI규제안 막판 변수 떠올라"," 이데일리언론사 선정2023.12.12.네이버뉴스 "
"""생성AI는 고위험 기술"" EU 법안, 韓 AI 규제는 어디로?"," 머니투데이2023.12.11.네이버뉴스 "
"""EU, 챗GPT 대항할 'AI 법' 잠정 합의""…'가장 광범위한 규제'"," 연합뉴스2023.12.07.네이버뉴스 "
"'안전한 AI' 글로벌 논의 가속…우리나라는?"," 머니투데이방송2023.12.12. "
"(금요아침) AI 시대에 유럽을 보는 이유"," 전기신문2023.12.21. "
"(금요아침) AI 시대에 유럽을 보는 이유"," 전기신문2023.12.21. "
"EU, 세계 최초 ‘AI 규제법’ 합의…안면인식 생체정보 수집 금지"," 국민일보2023.12.10.네이버뉴스 "
"EU, 세계 최초 'AI 규제법' 합의...'어길 시 벌금 500억 부과'"," JTBC언론사 선정2023.12.09.네이버뉴스 "
"여당 비협조에 ‘광주 AI영재고’ 표류"," 광주매일신문2023.12.21. "
"세계는 지금 '선거철 AI딥페이크' 주의보⋯ ""거짓의 쓰나미가 온다"""," 아시아타임즈2023.12.28. "
"美-英, MS '오픈AI 독점 가능성' 조사…앱 논란 속에 EU, AI규제법 합의"," SBS Biz언론사 선정2023.12.11.네이버뉴스 "
"""AI 반도체""… 시장의 주요 이슈"," 디지털비즈온2023.12.30. "
"AI가 내 평판 긁어 ‘점수’ 매긴다면… ‘마이너리티 리포트’ 법 생겼..."," 한겨레언론사 선정2면 1단2023.12.10.네이버뉴스 "
"전세계 선거 시즌 앞두고 'AI 주의보'…""가짜뉴스 판칠 것"""," 데일리굿뉴스2023.12.27. "
"배달라이더 범죄 경력 조회·공교육 AI 강화 민생법안 통과"," 국회방송2023.12.22. "
"AI가 내 평판 긁어 ‘점수’ 매긴다면… ‘마이너리티 리포트’ 법 생겼..."," 한겨레언론사 선정2면 1단2023.12.10.네이버뉴스 "
"유럽, 세계 최초 포괄적인 'AI규제법'에 합의"," 천지일보2023.12.09. "
"전세계 선거 시즌 앞두고 'AI 주의보'…""가짜뉴스 판칠 것"""," 데일리굿뉴스2023.12.27. "
"배달라이더 범죄 경력 조회·공교육 AI 강화 민생법안 통과"," 국회방송2023.12.22. "
"한국방송협회 ""빅테크, 허락없이 저작물 AI 학습에 써선 안 돼"""," 기자협회보언론사 선정2023.12.14.네이버뉴스 "
"국회, 예산부수법안 처리…결혼·출산시 3억원까지 증여 공제"," 굿모닝경제2023.12.21. "
"EU의 AI 규제법, 8일(한국시각) 타결 되나"," 매일경제2023.12.08.네이버뉴스 "
"AI 주도권 다툼, 결국 '밥그릇' 싸움되나"," 주간한국2023.12.15. "
"두 개의 전쟁, 최악 폭염, AI 논쟁... 지구촌 경고음 더 커졌다 [세계 10..."," 한국일보11면 1단2023.12.28.네이버뉴스 "
"EU 세계 첫 AI 규제법 도입 합의...2026년 발효 전망"," 뉴스핌2023.12.11. "
"EU 세계 첫 AI 규제법 도입 합의...2026년 발효 전망"," 뉴스핌2023.12.11. "
"과기정통부, AI 규범 의견수렴 나서...""미·EU식 균형 접근 필요"""," AI타임스2023.12.29. "
"EU, 챗GPT 등 AI 규제법 합의 임박…이번 주 잠정 합의 기대"," 조세일보언론사 선정2023.12.07.네이버뉴스 "
"만장일치 통과된 브라질 조례…""사실은 AI가 만든 것"" 충격 고백"," 중앙일보2023.12.05.네이버뉴스 "
"EU, 세계 첫 'AI규제법' 합의…안면인식 등 엄격통제"," 연합뉴스TV2023.12.10.네이버뉴스 "
"시대가 바꾼 선거법…총선 90일 전부터 'AI 후보 금지'"," 연합뉴스TV2023.12.23.네이버뉴스 "
"달빛철도 특별법·광주AI영재고 등 지역현안 국회처리 지연"," 헤럴드경제2023.12.20.네이버뉴스 "
"[중앙시평] AI 규제, EU 방식은 정답이 아니다"," 중앙일보A31면 1단2023.12.14.네이버뉴스 "
"[데스크의 눈]AI 규제법 서둘러야 하는 진짜 이유"," 이데일리A25면 2단2023.12.13.네이버뉴스 "
"[2023 결산 ④ SW] 달아오른 AI 경쟁, 무대는 서비스로…'법제화'도 관건"," 테크월드2023.12.14. "
"[데스크의 눈]AI 규제법 서둘러야 하는 진짜 이유"," 이데일리A25면 2단2023.12.13.네이버뉴스 "
"[2023 결산 ④ SW] 달아오른 AI 경쟁, 무대는 서비스로…'법제화'도 관건"," 테크월드2023.12.14. "
"교육감들, '교부금 1% 디지털 교육 사용' 법안 철회 요구"," 뉴시스언론사 선정2023.12.05.네이버뉴스 "
"세계 첫 'AI 규제법' 이르면 오늘 타결…EU, 오픈소스 모델은 제외할듯"," 뉴스12023.12.08.네이버뉴스 "
"로이터 “EU, 챗GPT 등 생성형AI 포괄적 규제법안 합의 가까워져”"," 서울경제2023.12.07.네이버뉴스 "
"EU, 마라톤 회의 끝…세계 최초 ‘AI 규제법’ 합의"," EBN2023.12.09. "
"EU, 세계 첫 'AI 규제법' 합의…안면인식 등 통제"," 뉴스웨이2023.12.11. "
"[리더스포럼]인공지능(AI), 기회와 위험의 공존"," 전자신문27면 3단2023.12.20.네이버뉴스 "
"KOSA 초거대AI추진협의회, 문체부 'AI-저작권 관련 활용 가이드' 개정 요..."," 인공지능신문2023.12.27. "
"AI 윤석열·이재명 못 본다"," 채널A언론사 선정2023.12.05.네이버뉴스 "
"황종성 NIA 원장 ""韓 AI 경쟁력 키우려면 법제도 정립해야"""," 아이뉴스242023.12.11.네이버뉴스 "
"AI 한발늦은 유럽…소형모델로 틈새 노린다"," 매일경제A16면 TOP2023.12.12.네이버뉴스 "
"유럽연합 AI규제법 합의...규정 위반시 매출 7% 벌금"," 이코노믹리뷰2023.12.09. "
"방송계 “AI, 우리 영상 무단 학습 안 돼”…빅테크사에 의견서"," 한겨레2023.12.14.네이버뉴스 "
"한국방송협회 ""AI 학습에 방송 뉴스 이용하려면 보상 필요"""," 뉴스12023.12.14.네이버뉴스 "
"'AI 윤석열·이재명' 못 쓴다…딥페이크 선거운동 금지"," MBN언론사 선정2023.12.05.네이버뉴스 "
"2023년 미디어 이슈 결산 세계 편: 생성형 AI"," 슬로우뉴스2023.12.18. "
"MIT그룹, AI 거버넌스 발표… AI 규제 논의 본격화"," 매일경제2023.12.12.네이버뉴스 "
"EU, AI 규제안 전면 보류되나…프랑스 독일 이탈리아 이탈"," 매일경제언론사 선정2023.12.03.네이버뉴스 "
"결이 다른 미국과 유럽연합의 AI 규제... 속내는?"," 이코노믹리뷰2023.12.14. "
"EU, AI 규제안 전면 보류되나…프랑스 독일 이탈리아 이탈"," 매일경제언론사 선정2023.12.03.네이버뉴스 "
"결이 다른 미국과 유럽연합의 AI 규제... 속내는?"," 이코노믹리뷰2023.12.14. "
"EU, 세계 최초 'AI법' 제정...""기술자보다 변호사 고용해야 할 판"" 비판도"," 파이낸셜뉴스언론사 선정2023.12.10.네이버뉴스 "
"EU, 세계 첫 'AI 규제법' 합의…""얼굴인식 정보 수집 금지"""," 한국경제A3면 1단2023.12.10.네이버뉴스 "
"바이든, 8천860억 달러 규모 국방수권법안 서명"," VOA2023.12.23. "
"EU AI 법, 美빅테크 겨냥… AI 생태계 놓고 ‘글로벌 대전’"," 법률신문2023.12.14. "
"세계 최초 ‘AI 규제법’ 만든 EU, MS의 오픈AI 투자 반독점 조사"," 서울신문10면 1단2023.12.11.네이버뉴스 "
"[아이포럼 2023] ""AI, 기술-윤리의 균형점 찾아야…AI 거버넌스 구축 필..."," 아이뉴스24언론사 선정2023.12.06.네이버뉴스 "
"결혼때 양가지원 3억까지 … 교사 AI교육에 교부금"," 매일경제A4면 1단2023.12.21.네이버뉴스 "
"내년 총선 90일 전부터 ‘AI 윤석열’ 금지된다"," 서울신문언론사 선정2023.12.04.네이버뉴스 "
"내년 총선 90일 전부터 ‘AI 윤석열’ 금지된다"," 서울신문언론사 선정2023.12.04.네이버뉴스 "
"뜨거워진 AI 경쟁 '3파전'...EU, 세계 첫 'AI 규제법' 타결"," YTN2023.12.10.네이버뉴스 "
"정년 앞둔 고법 부장이 던진 재판지연 대책…“AI 도입하자”"," 중앙일보2023.12.20.네이버뉴스 "
"34만 AI디지털 교사 양성 '골든타임' 놓칠라…교부금법 개정안 촉각"," 전자신문언론사 선정2면 TOP2023.12.17.네이버뉴스 "
"인공지능 규제하는 유럽…의료 AI 기업에 '적신호' 될까 [Why 바이오]"," 서울경제2023.12.11.네이버뉴스 "
"EU, 세계 최초 'AI 규제법' 타결"," 브릿지경제2023.12.09. "
"EU, 세계 첫 'AI 규제법' 합의…이르면 2026년 시행"," 포쓰저널2023.12.11. "
"EU, 37시간 진통 끝에 세계 최초 'AI 규제법' 합의…주요 내용은?"," 헬로티2023.12.10. "
"디지털의료제품법안 국회 본회의 통과…지원·평가 체계 마련"," 뉴데일리2023.12.21. "
"""에넘파"" 외쳐 배꼽 잡았던 AI尹과 같은 '딥 페이크' 선거운동 못한다"," 뉴스1언론사 선정2023.12.05.네이버뉴스 "
"'AI 활용 선거운동' 한 달만 허용·90일 전부턴 금지…정개특위 소위 통..."," 뉴시스언론사 선정2023.12.04.네이버뉴스 "
"""에넘파"" 외쳐 배꼽 잡았던 AI尹과 같은 '딥 페이크' 선거운동 못한다"," 뉴스1언론사 선정2023.12.05.네이버뉴스 "
"MS, 미국 노동총연맹과 AI 파트너십 “빅테크 첫 노조와 AI 협업”"," 매일경제2023.12.13.네이버뉴스 "
"생성형 AI 규제 어떻게? EU 첫 합의안 나왔다"," 디지털투데이2023.12.10. "
"EU, 세계 첫 AI 규제법 합의···자율주행·의료장비 기업 '영향'"," 시사저널이코노미2023.12.09. "
"EU, 세계 첫 ‘AI 규제법’ 합의… 한국식 AI 규제모델 마련해야"," 법률신문2023.12.14. "
"EU, AI 규제법 합의…안면인식 등 통제키로"," 중소기업신문2023.12.10. "
"대형마트·방폐물·재정준칙·AI…꽁꽁 얼어붙은 ‘경제입법’"," 중앙일보E4면 1단2023.12.18.네이버뉴스 "
"EU, 포괄적 'AI 규제' 합의"," 디지털비즈온2023.12.11. "
"EU, 세계 첫 AI법안 합의… 한국은 1년째 계류"," 문화일보4면 1단2023.12.11.네이버뉴스 "
"美 주한미군 규모 유지…바이든 국방수권법안 서명"," 코리아리포트2023.12.26. "
"일본, 법률안 작성·개정 위해 AI 시스템 도입"," 아시아경제언론사 선정2023.12.09.네이버뉴스 "
"EU, 세계 최초 ‘AI 규제법’ 타결… 안면인식 등 엄격 통제"," 국민일보2023.12.09.네이버뉴스 "
"마크롱도 주목한 유럽 대표 AI 기업"," 테크월드2023.12.13. "
"유럽연합, 세계 첫 AI규제법 합의…""안면인식 기술 금지"""," 동아사이언스언론사 선정2023.12.10.네이버뉴스 "
"[줌인IT] 한 껏 부푼 AI 시대 기대감, 탈GPU·규제 등 변수 예의주시해야"," IT조선2023.12.13. "
"'AI 동맹'이 떴다,생성 AI '개방형 vs 폐쇄형' 경쟁 치열"," 이코리아2023.12.06. "
"대형마트·부동산·원전·AI…경제입법, 국회에 가로막혔다"," 중앙일보2023.12.17.네이버뉴스 "
"EU, 세계 첫 'AI 규제법' 타결 임박…내일 협상 재개"," SBS Biz언론사 선정2023.12.08.네이버뉴스 "
"﻿고위험 인공지능(AI) 금지·처벌 규제 필요성 주목"," 데일리메디2023.12.15. "
"""몰아붙이기식 플랫폼 규제""...공정위 소관 법안과 문제돼"""," 디지털타임스14면 1단2023.12.20.네이버뉴스 "
"""AI 학습용 데이터, 대가내야""... 방송계, 출처경로 공개 촉구"," 디지털타임스15면 1단2023.12.14.네이버뉴스 "
"유동수 대표발의, 월세공제 확대 법안 국회 통과"," 인천투데이2023.12.21. "
"EU ""AI 기술 개발에 엄격한 규제 도입할 예정"""," 디지털투데이2023.12.11. "
"입법성과 낸 대구경북 의원들…다양한 민생법안 국회 본회의 통과"," 영남일보2023.12.22. "
"유럽연합 AI 규제법 합의··· 영·프·독 자리싸움 주목"," 테크월드2023.12.15. "
"'AI 윤석열·이재명' 못 쓴다...선거 90일 전 금지"," YTN언론사 선정2023.12.05.네이버뉴스 "
"EU 'AI 법안' 제정 연내 못할 수도…국내 영향은"," 아이뉴스242023.12.05.네이버뉴스 "
"[단독] AI 통화녹음 도청일까…정부 ‘SKT 에이닷’ 점검 나선다"," 한겨레언론사 선정2023.12.08.네이버뉴스 "
"뜨거워진 AI 경쟁 '3파전'...EU, 세계 첫 'AI 규제법' 타결"," YTN사이언스2023.12.11. "
"EU, 세계 최초 포괄적인 AI 규제 도입"," ESG경제2023.12.14. "
"특별교부금 비율 3년간 0.8%p 상향…교원 AI 기반 교수학습 역량 강화한..."," 한국대학신문2023.12.21. "
"유럽연합, 세계 최초 'AI 규제법' 합의...어기면 벌금 500억원"," BBS NEWS2023.12.09. "
"[D뉴스] 만장일치로 통과된 법안, AI 작품이었다…""단 15초 걸려"""," MBN2023.12.05.네이버뉴스 "
"[홍성욱의 과학 오디세이] [45] AI의 위험을 규제하려는 법"," 조선일보A38면 1단2023.12.19.네이버뉴스 "
"정치인도 AI가 대체? 브라질에서 챗GPT가 만든 조례 첫 통과"," 어린이동아2023.12.06. "
"EU, 세계 최초 'AI 규제 법안' 합의...""안면인식 규제"""," 비즈트리뷴2023.12.10. "
"국회의장 김진표, 권한남용?… 숙의 없이 부수 법안 지정 “역사에 죄를..."," 경인일보2023.12.21. "
"﻿美의회, AI 이용한 금융 범죄 3배 가중 처벌 법안 추진"," 글로벌이코노믹2023.12.20. "
"[12월 28일 아시아타임즈 헤드라인 뉴스] 세계는 지금 '선거철 AI딥페이..."," 아시아타임즈2023.12.28. "
"EU 세계 첫 AI규제법 통과…AI 훈련방법·데이터 보고해야"," 한국경제2023.12.10.네이버뉴스 "
"日정부, 법률 개정 작업에 AI 도입…""실수·종이 낭비 줄인다"""," 연합뉴스2023.12.09.네이버뉴스 "
"[엔터프라이즈핫이슈]테크 스타트업 투자 찬바람...AI도 영향권"," 디지털투데이2023.12.14. "
"EU, 세계 최초 'AI 규제법' 합의…안면인식 등 엄격 통제키로"," 매일경제TV2023.12.09. "
"[2023 수의계이슈 11∼20위]#인터벤션#과장광고#수의법의학#고양이AI"," 데일리벳2023.12.26. "
"인간들의 파워게임이 AI 판도 흔든다 [IT큐레이션]"," 이코노믹리뷰2023.12.11. "
"'AI윤석열'·'AI이재명' 유세에 못 쓴다…선거일 90일 전 전면금지"," TV조선언론사 선정2023.12.05.네이버뉴스 "
"기본권 보호와 혁신의 제동 사이에서 고민하는 유럽 AI 법 : 핵심 내용과..."," ITWorld2023.12.12. "
"“챗GPT 잡아라” ‘동맹’ 맺은 후발주자들...유럽 AI법은 통과 불투명..."," 중앙일보2023.12.06.네이버뉴스 "
"EU, AI 시대 위험성 다룬 'AI 법' 합의…""안면인식 등 엄격 통제"""," IT조선2023.12.10. "
"“챗GPT 잡아라” ‘동맹’ 맺은 후발주자들...유럽 AI법은 통과 불투명..."," 중앙일보2023.12.06.네이버뉴스 "
"EU, AI 시대 위험성 다룬 'AI 법' 합의…""안면인식 등 엄격 통제"""," IT조선2023.12.10. "
"EU, 세계 첫 'AI 규제법' 타결 임박…내일 협상 재개(종합)"," 연합뉴스2023.12.07.네이버뉴스 "
"'""망사용료' 논의 끝나지 않았다…AI 시대 맞은 지금부터 진짜"" [IT돋보기..."," 아이뉴스24언론사 선정2023.12.08.네이버뉴스 "
"`AI윤석열` 못 본다…딥페이크 선거운동 90일 전부터 금지"," 이데일리A6면 4단2023.12.05.네이버뉴스 "
"12월 8일 월가의 돈이 되는 트렌드, 월렛 - 생성형 AI [글로벌 시황&이슈..."," 한국경제TV2023.12.08.네이버뉴스 "
"오픈AI 내 실패한 쿠데타…미래의 불행일까 행운일까 [탐사보도 뉴스프..."," 연합뉴스TV2023.12.09.네이버뉴스 "
"트래픽 잡아 먹는 AI 시대…망 사용료 부담은 누가?"," 주간한국2023.12.15. "
"선거 90일전부터 딥페이크 선거운동 금지, ‘AI 윤석열·이재명’ 못 쓴..."," 조선일보A1면 1단2023.12.04.네이버뉴스 "
"유럽연합 인공지능 규제법안, '가속주의 VS 이타주의' 본격 대립 신호탄..."," 비즈니스포스트2023.12.12. "
"유럽연합 인공지능 규제법안, '가속주의 VS 이타주의' 본격 대립 신호탄..."," 비즈니스포스트2023.12.12. "
"실리콘밸리 전설 존 체임버스 ""대다수 기업 AI '버블'…베팅할 가치"""," 연합인포맥스2023.12.12. "
"세계 최초 'AI 규제법' 제정될까?…EU, 내일 논의 재개한다"," MBN2023.12.08.네이버뉴스 "
"EU, 세계 첫'AI 법'제정… '위반땐 벌금 497억' 엄격 통제"," 파이낸셜뉴스8면 1단2023.12.10.네이버뉴스 "
"미 상원, 이스라엘-우크라이나 지원 예산 표결...감독 당국 ""AI, 금융시스..."," VOA2023.12.15. "
"‘위키윤’ ‘AI재밍’이 마지막… 딥페이크 선거운동 금지"," 국민일보2023.12.05.네이버뉴스 "
"방송협회 ""빅테크 기업, 생성형 AI에 방송자료 무단 활용 금지""…의견 묻..."," 디지털데일리2023.12.14.네이버뉴스 "
"EU 'AI 규제법' 통과, 왜 2년이나 걸렸을까?"," 디지털투데이2023.12.14. "
"일본 정부, 법률 개정 작업에 AI 도입…“실수·종이 낭비 줄인다”"," KBS2023.12.09.네이버뉴스 "
"LG AI연구원이 논문 19편 발표했다는 '뉴립스', 알고보니 인공지능 분야..."," 녹색경제신문2023.12.13. "
"EU, 최초 AI 규제법 합의에 국내 법안도 ‘눈길‘"," 세계비즈2023.12.10. "
"LG AI연구원이 논문 19편 발표했다는 '뉴립스', 알고보니 인공지능 분야..."," 녹색경제신문2023.12.13. "
"""AI 저작권 문제의 대안은?""…NIA, 생성형 AI 규제 개선 세미나 개최"," 아이티데일리2023.12.15. "
"‘AI’와 함께 맞이하는 2024 선거, 얼마나 달라지나 [AI 선거]"," 이투데이2023.12.16. "
"""맘껏 뛰어놀았니? 이제는 뒤돌아볼 때""…EU AI법, 규제 신호탄 쏘아 올..."," 디지털데일리2023.12.11.네이버뉴스 "
"[사설] EU, 세계 첫 ‘AI 규제법’ 합의… 우리도 규범 마련 서둘러야"," 세계일보A27면 1단2023.12.10.네이버뉴스 "
"자율운항 선박 상용화 법안 국회 통과…국내 업체들 개발 상황은?"," 이투데이2023.12.15. "
"[글로벌] '옷 벗기기' 앱에 2400만명 몰렸다...AI 악용 우려 높아져"," 테크M2023.12.12. "
"대본 요약부터 웹툰 제작까지…AI 활약에 몰리는 투자 [Geeks' Briefing]"," 한국경제2023.12.12.네이버뉴스 "
"EU, 세계 첫 'AI 규제법' 타결 임박"," 한국경제TV2023.12.07.네이버뉴스 "
"AI 혁신과 규제 사이 접점 찾아가는 각국들(2)"," M이코노미뉴스2023.12.08. "
"美 대표 VC 안드레센 호로위츠, AI와 암호화폐 규제 완화 위한 정치 로비..."," CIO Korea2023.12.18. "
"브라질 시의회서 AI가 15초 만에 만든 조례 만장일치 통과"," 조선일보B2면 1단2023.12.05.네이버뉴스 "
"'AI 윤석열·이재명' 못 쓴다...선거 90일 전 금지"," YTN2023.12.05.네이버뉴스 "
"AI 법의 대대적 합의 도달한 EU… ‘우려는 여전’"," CIO Korea2023.12.13. "
"내년 총선서 'AI윤석열' 못본다… 선거 90일전부터 '딥페이크' 금지"," 대전일보언론사 선정2023.12.05.네이버뉴스 "
"EU, 법원 승인 없이 AI 인식 데이터 사용 금지"," 디지털투데이2023.12.12. "
"""EU, 챗GPT 등 규제 'AI 법' 잠정 합의""...""가장 광범위한 규제"""," YTN사이언스2023.12.08. "
"[데일리픽] 유럽연합, AI 법안 발표…메타 간판 SNS 이용자수 '뚝'"," 디지털투데이2023.12.10. "
"""혁신 vs. 성장"" 유럽연합은 AI 규제 논의 중"," ITWorld2023.12.11. "
"EU, 'AI 법' 잠정 합의...오픈 소스 이어 생체 인식도 예외 인정"," AI타임스2023.12.09. "
"EU는 AI 목에 방울 달 수 있을까 [Global]"," 더스쿠프언론사 선정2023.12.14.네이버뉴스 "
"AI, 고위험•고강도 현장서 로봇과 협업해 판 키운다"," 아시아타임즈2023.12.11. "
"유럽연합, 세계 최초 ‘AI 규제’ 합의... 벌금 최대 500억원"," 디아이투데이2023.12.11. "
"""EU, 챗GPT 등 규제 'AI 법' 잠정 합의""...""가장 광범위한 규제"""," YTN2023.12.07.네이버뉴스 "
"지상파방송사, 네이버·카카오·구글·MS에 저작물 AI학습 이용여부 의견..."," 지디넷코리아2023.12.14.네이버뉴스 "
"엔비디아 ""美의 AI 반도체 중국 수출통제 협력"""," 지디넷코리아2023.12.12.네이버뉴스 "
"짙어지는 'AI해킹' 위협…""2024년 범죄 AI 활개"""," 이데일리A2면 2단2023.12.05.네이버뉴스 "
"[사설] 세계 통상마찰 새 뇌관 ‘유럽 AI 규제’, 구경꾼 안된다"," 헤럴드경제31면 1단2023.12.11.네이버뉴스 "
"'아날로그의 나라' 일본서 법률 개정 작업에 AI 활용"," kbc광주방송언론사 선정2023.12.09.네이버뉴스 "
"지금의 PR인들은 AI보다 창의적인가"," THE PR2023.12.12. "
"AI 선도국 위험성 인지, 대처 움직임 주목"," 의학신문2023.12.13. "
"'정부 주도의 첫 AI 규제법'··· EU, AI법으로 무분별한 개발 막는다"," IT동아2023.12.12. "
"“의회 조례, 사실 AI가 만들었다”… 브라질 지방의원 뒤늦은 고백 파..."," 문화일보13면 1단2023.12.05.네이버뉴스 "
"[더페어 프리즘] 법조계도 ""온플법은 제2의 타다금지법""…네이버 AI 센터..."," 더페어2023.12.24. "
"EU, ‘AI 규제법’ 제정 속도…생성형 AI 규제 본격화"," EBN2023.12.08. "
"AI 윤리 논의 '개점 휴업'…""기본법부터"""," 연합뉴스TV2023.12.10.네이버뉴스 "
"AI 안면인식 등 엄격 통제...EU, 세계 첫 규제 법안 합의"," 청년일보2023.12.09. "
"선거 90일 전부터 딥페이크 선거운동 금지… 국회 정개특위, 관련 법안..."," 신아일보2023.12.05. "
"[기고] AI시대, 교사 디지털 역량 강화부터/전제상 공주교대 교수"," 서울신문25면 1단2023.12.15.네이버뉴스 "
"[단독] 현대차그룹 보스턴다이내믹스 'AI 전문' 거물 로비스트 영입"," 더구루2023.12.08. "
"세계최초 美 선거운동에 생성형 AI챗봇 '애슐리' 등장"," 디지털비즈온2023.12.19. "
"세계 첫 생성형 AI 규제 입법, 프·독·이 돌연 반대해 표류 위기"," 한겨레2023.12.05.네이버뉴스 "
"김주하 AI 앵커가 전하는 주요뉴스"," MBN2023.12.11.네이버뉴스 "
"챗GPT 필두로 진화 거듭…MZ세대 사로잡은 '생성형 AI'"," 영남일보2023.12.11. "
"AI ‘신뢰성 검증’은 민간이 알아서…‘사전적정성 검토’는 아직"," 한겨레2023.12.07.네이버뉴스 "
"싱가포르, 국가 AI 전략 수정 및 정책 변화 추진… ‘NAIS 2.0 발표’"," CIO Korea2023.12.06. "
"[사설] 국제적 ‘AI 규제’ 능동적 참여로 기술 선도국 되자"," 스카이데일리2023.12.13. "
"김진표 '부수법안 셀프지정'… 야당서도 시끌"," 매일경제A6면 1단2023.12.03.네이버뉴스 "
"'딥페이크 선거운동 금지' 정개특위 통과, ‘AI 윤석열’ 선거 90일 전부..."," 비즈니스포스트2023.12.05. "
"AI 딥페이크 선거운동 금지법, 실효성 확보가 관건[사설]"," 문화일보31면 1단2023.12.05.네이버뉴스 "
"[사설] EU AI 규제법 제정, 한국도 선제 대응 나서야"," 아시아투데이2023.12.11. "
"[AI 위험과 입법] ""위험성 막기 위한 공론화 필요...각계 전문가·시민 ..."," 포쓰저널2023.12.06. "
"[양지민] 생성형 AI의 저작권 침해 논란, 가이드 라인이 필요하다"," 어패럴뉴스2023.12.04. "
"[이슈분석] AI 규제 속도 빨라진다…EU '인공지능법' 도입 합의"," 뉴스드림2023.12.11. "
"AI 규제법 발효 앞둔 EU…HBM 수요에 미칠 영향은? [소부장반차장]"," 디지털데일리2023.12.12.네이버뉴스 "
"[현장] K콘텐츠 보호, 생성형 AI 저작권 논의···유관기관 '열린 포럼..."," 여성경제신문2023.12.13. "
"IBM이 제안하는 ‘생성형 AI 비즈니스 활용법’"," CIO Korea2023.12.14. "
"GPT-4, EU AI 법 '초강력 규제' 대상에 포함"," AI타임스2023.12.10. "
"[2024 산업 전망] 포화된 통신시장, AI 기점으로 새 국면"," 뉴스핌2023.12.04. "
"[2024 산업 전망] 포화된 통신시장, AI 기점으로 새 국면"," 뉴스핌2023.12.04. "
"메타, AI에 불법 복제 도서 무단사용⋯ 생성형AI '저작권 논란' 재점화되..."," 아시아타임즈2023.12.13. "
"AI 시대, 망사용료 분쟁 더 커진다는데…논의는 ‘공전’"," 쿠키뉴스2023.12.15. "
"유럽 기업들 ""AI 규제보다 지원을"" EU AI 법안 우려 성명 발표"," ITWorld2023.11.27. "
"빨라지는 AI 발전에...EU, '세계 최초'로 AI 규제 법안 합의"," 아주경제2023.12.10. "
"방송협회, 네이버‧구글 등에 “협의 없이 콘텐츠 AI 학습 금지”"," 방송기술저널2023.12.15. "
"AI 이용한 전화사기 처벌 강화 추진"," 미주한국일보2023.12.06. "
"""미국과 인공지능(AI) 의료제품 가이드 마련"""," 데일리메디2023.12.04. "
"AI 혁신과 규제 사이 접점 찾아가는 각국들"," M이코노미뉴스2023.12.07. "
"전 세계 반도체 자국 우선주의 심화…K-반도체 대응 방안 찾아야"," 이코노미스트언론사 선정2024.01.01.네이버뉴스 "
"EU, AI 규제 법안 연내 제정 가능성 '먹구름'"," 디지털투데이2023.10.24. "
"코딧, 일본 스타트업 행사서 AI 기반 규제 플랫폼 소개"," AI타임스2023.12.04. "
"바이든, AI 규제법안 전격 발동…AI 규제표준 주도권 경쟁 본격화"," 이투데이2023.10.31. "
"'AI 활용' 동의 안 하면 네이버 이용 불가…하이퍼클로바X 서비스 문제없..."," 비즈한국2023.11.30. "
"[전북특별자치도 출범] ②각종 특화사업 추진…재정권 확보 과제(끝)"," 연합뉴스2024.01.01.네이버뉴스 "
"“인간, AI와 경쟁하는 시대 온다” …범죄악용 등 부작용에 규제마련 ..."," 헤럴드경제언론사 선정2023.12.01.네이버뉴스 "
"EU, AI 규제 법안 서두른다"," 디지털투데이2023.10.16. "
"청룡의 해, 트렌드를 알면 돈이 보인다 [스페셜리스트 뷰]"," 이코노미스트언론사 선정2024.01.01.네이버뉴스 "
"""AWS, 책임감 있는 AI를 추구하는 것은 수익성과 직결"" [AWS 리인벤트 20..."," IT동아2023.12.01. "
"여야 대치 속 표류하는 AI법안… ‘세계최초’ 타이틀도 뺏길 판[AI 스탠..."," 문화일보24면 TOP2023.09.27.네이버뉴스 "
"여야 대치 속 표류하는 AI법안… ‘세계최초’ 타이틀도 뺏길 판[AI 스탠..."," 문화일보24면 TOP2023.09.27.네이버뉴스 "
"영리 강화하려는 오픈AI… 인공지능 제어 기준 필요[이슈 따라잡기/박성..."," 동아일보언론사 선정A31면 TOP2023.11.30.네이버뉴스 "
"소위 통과하고도 7개월째 표류하는 AI기본법안…야, “소위대안 수정해..."," 대한경제2023.09.26. "
"[로봇신문 선정] '2023 해외 10대 로봇 뉴스'"," 로봇신문2023.12.28. "
"'여성·아동'국힘, '스타트업' 민주… 법안 마련에 팔걷은 與野"," CWN2023.12.15. "
"[AI 이슈] 2024년 글로벌 '생성 AI 기업용 소프트웨어' 시장 12조 9천억원..."," 인공지능신문2023.11.30. "
"세계 최초 'AI 규제법' 나올까…EU, 내일 최종 논의"," 데일리굿뉴스2023.12.07. "
"“두려움 없는 국가 만드는 유일한 방법은 ‘과학 기술 패권 국가’로 ..."," 이코노미스트언론사 선정2024.01.01.네이버뉴스 "
"[EU 정책] ' AI 규제 풀자' AI법 놓고 EU 회원국들 간 갈등 커져"," 녹색경제신문2023.11.23. "
"드러나는 AI의 실체... 내 운명을 알고리즘이 좌우? [소셜 코리아]"," 오마이뉴스언론사 선정2023.11.22.네이버뉴스 "
"[이슈분석] ""AI 개발 고도화 하자""…글로벌 '인공지능 동맹' 닻 올렸다"," 뉴스드림2023.12.14. "
"테크단체의 경고 “유럽연합, AI 기반 모델 과도한 규제 말라”"," 이투데이2023.11.24. "
"'[홍기영 KFT 금융연구소장] 인공지능(AI) 기회 살리고 위험 막아라"," 한국금융신문2023.11.27. "
"[신희강의 IT썰풀이] 올트먼發 'AI 규제' 화두, 韓 대응 서둘러야"," 뉴데일리2023.11.23. "
"‘생성형 AI’ 글로벌 규제 강화되는데… 국내 가이드라인은?"," 국민일보21면 TOP2023.11.21.네이버뉴스 "
"과기정통부 ""한국 맞춤형 규범, 경쟁력 강화와 직결"""," 디지털타임스12면 1단2023.12.28.네이버뉴스 "
"표준협회-PwC컨설팅, AI 규제 대응과 거버넌스 수립 ‘맞손’"," 글로벌이코노믹2023.11.20. "
"한 장의 AI 포스터…'돈 찍기' 속 성난 민심에 기름 부었다"," 이데일리2023.11.20.네이버뉴스 "
"인공지능 규제법안 도입은 시기상조일까"," 중소기업신문2023.11.10. "
"[창작자를 위한 생성형AI] ""사업자 편의만 맞춘 TDM 면책 조항, 작가들 ..."," 포쓰저널2023.11.18. "
"AI와 게임, 고려해야 할 법과 제도는?"," 인벤2023.11.21.네이버뉴스 "
"""한국은 아직 '생성 AI' 숙제중…규제는 신중하게""[ECF 23]"," 이데일리A5면 TOP2023.11.21.네이버뉴스 "
"‘AI 규제’ 손잡는 국제사회, ‘주도권’ 확보에는 물밑 경쟁"," 글로벌이코노믹2023.11.15. "
"[단독] AI發 가짜뉴스… 선관위 칼 뺀다"," 세계일보언론사 선정A1면 1단2023.11.14.네이버뉴스 "
"[기획] 생성형 AI의 부상과 로봇산업의 변화"," 로봇신문2023.11.20. "
"한국표준협회, AI 규제 대응 및 거버넌스 수립 지원 맞손"," 전기신문2023.11.20. "
"""생성 AI, 제값 내고 뉴스 써라""…AI가 불지핀 저작권 논쟁"," 뉴스12023.11.13.네이버뉴스 "
"‘AI규제’ 잰걸음 나선 유튜브…국내 AI규제는 어디로"," 국민일보2023.11.16.네이버뉴스 "
"[권기원 칼럼] AI 일상화 시대… 인공지능법안 조속 처리해야"," 아주경제2023.08.30. "
"메타 AI 피해 예방 조직 해체…국제적 피해예방 대책과 엇갈린 행보"," 이투데이2023.11.19. "
"“AI법, 디지털환경 체계화 초석… 혁신-신뢰 균형 잘 잡도록 제정”[AI..."," 문화일보24면 TOP2023.11.08.네이버뉴스 "
"과방위 법안소위, '전기통신사업법' 일부개정법률안 등 16건의 법안 의결"," 월요신문2023.12.08. "
"전세계가 놀란 AI ‘가짜 바이든’, 이대로 괜찮습니까"," 경향신문언론사 선정2023.11.06.네이버뉴스 "
"'AI 안전 정상회의' 참석한 과기부, 성과는?"," 이코리아2023.11.08. "
"[조맹기의 언론 톺아보기] 민주당, 대통령 거부권 행사한 법안 재입법 ..."," 스카이데일리2023.12.11. "
"과방위 법안소위, '전기통신사업법'일부개정법률안 등 16건 법안 의결"," 에너지데일리2023.12.07. "
"[사이언스 레드카펫] 인간의 통제를 벗어난 AI 영화 '시뮬런트'…AI에 자..."," YTN사이언스2023.11.03. "
"'AI 만난 언택트 채용' 국회 토론회 성료…한국경제TV-윤창현·윤주경 의..."," 한국경제TV2023.11.14.네이버뉴스 "
"AI가 만드는 ‘가짜 세상’ 어찌하오리까"," 주간경향언론사 선정2023.11.03.네이버뉴스 "
"“AI가 초래할 재앙 막자” 韓·美·EU 등 28개국 첫 공동선언"," 국민일보20면 1단2023.11.03.네이버뉴스 "
"‘지스트 부설 AI영재고 설립’ 근거 법안, 국회 상임위 문턱 넘었다"," 세계일보2023.09.22.네이버뉴스 "
"국회도서관, 「초거대 AI」 팩트북 발간"," 폴리뉴스2023.11.13. "
"AI 규제, 미·영·EU 3파전…""한국,글로벌 주도권 확보 나서야"" [AI전쟁 ..."," 중앙일보A5면 1단2023.11.13.네이버뉴스 "
"[기획] 일자리 감소·개인정보 유출… 'AI 부작용' 대책 시급"," 매일일보2023.11.01. "
"AI가 만들어낸 가짜 사진, 가짜 음성 식별하고 차단할 수 있을까?"," YTN2023.11.07.네이버뉴스 "
"김의장, '공교육 AI 맞춤형 교육 지원' 법안 발의"," 연합뉴스2023.08.31.네이버뉴스 "
"AI 고도화에 규제 속도내는 선도국… 육성책과 균형이 관건 [챗GPT 쇼크..."," 파이낸셜뉴스언론사 선정2면 1단2023.11.05.네이버뉴스 "
"유발 하라리 ""AI로 파국적인 세계 금융위기 올 수 있다"""," 뉴시스언론사 선정2023.11.10.네이버뉴스 "
"아누팜 챈더 조지타운대 교수 ""AI, 합리적 규제 위해 국제기구서 논의 ..."," 한국경제A8면 1단2023.10.29.네이버뉴스 "
"""AI 오작동 대책 서둘러야…금융보안도 중요"""," 지디넷코리아2023.11.09.네이버뉴스 "
"김진표 의장, '공교육 AI 맞춤형 교육 지원' 법안 발의"," 아시아투데이2023.08.31. "
"AI 고도화에 규제 속도내는 선도국… 육성책과 균형이 관건 [챗GPT 쇼크..."," 파이낸셜뉴스언론사 선정2면 1단2023.11.05.네이버뉴스 "
"유발 하라리 ""AI로 파국적인 세계 금융위기 올 수 있다"""," 뉴시스언론사 선정2023.11.10.네이버뉴스 "
"아누팜 챈더 조지타운대 교수 ""AI, 합리적 규제 위해 국제기구서 논의 ..."," 한국경제A8면 1단2023.10.29.네이버뉴스 "
"""AI 오작동 대책 서둘러야…금융보안도 중요"""," 지디넷코리아2023.11.09.네이버뉴스 "
"“AI 콘텐츠에 워터마크” G7, 국제 규범 첫 제정"," 조선일보A1면 1단2023.10.31.네이버뉴스 "
"딥페이크 영상에 놀란 바이든… “AI 규제, 戰時 수준 시급”"," 세계일보언론사 선정A1면 1단2023.10.31.네이버뉴스 "
"[굿모닝! 주목 이 법안] '안전‧신뢰 가능한 AI'…인공지능 책임‧규제..."," 굿모닝경제2023.08.12. "
"‘광주 AI 영재고’ 근거 법안, 국회 상임위 통과"," KBS2023.09.21.네이버뉴스 "
"한국, 영국과 차기 AI 정상회의 공동주최"," 와이드경제2023.11.08. "
"실리콘밸리가 장악한 AI…무력한 유럽의 '슬픈 규제'"," 연합뉴스TV2023.10.29.네이버뉴스 "
"과기정통부 ""AI 정상회의서 다수 정책공조 약속…韓 위상 재확인"""," 이데일리A26면 1단2023.11.07.네이버뉴스 "
"안철수, AI 규제법안 발의... 위험한 인공지능 정의하고 3년마다 기본계..."," 세계일보2023.08.09.네이버뉴스 "
"AI 서비스 50위권에 토종 '실종'…반격 가능할까 [탐사보도 뉴스프리즘..."," 연합뉴스TV2023.10.28.네이버뉴스 "
"바이든 이어 美 SEC 수장도 AI 우려…'AI로 흥한 증시, AI로 떨어질 수도..."," 아주경제2023.11.01. "
"[사설] 美 ‘AI 규제 선도’ 행정명령 발표, 우리도 선제대응 시급"," 세계일보A27면 1단2023.10.31.네이버뉴스 "
"글로벌 AI 규제 움직임 속도...내년 5월 韓 AI 정상회의 주목 [챗GPT 쇼크..."," 파이낸셜뉴스언론사 선정2023.11.05.네이버뉴스 "
"[AI 한입뉴스]""요약본 학습이 비결"" 엠파이어 빌딩 쓰러트린 미니 파이"," 아시아경제12면 1단2023.11.05.네이버뉴스 "
"달빛철도법·군공항 이전…해 넘긴 숙제들"," KBS2024.01.01.네이버뉴스 "
"‘광주 AI 영재고’ 근거 법안, 국회 상임위 통과"," KBS2023.09.22.네이버뉴스 "
"AI 서비스 50위권에 토종 '실종'…반격 가능할까 [탐사보도 뉴스프리즘..."," 연합뉴스TV2023.10.28.네이버뉴스 "
"바이든 이어 美 SEC 수장도 AI 우려…'AI로 흥한 증시, AI로 떨어질 수도..."," 아주경제2023.11.01. "
"[사설] 美 ‘AI 규제 선도’ 행정명령 발표, 우리도 선제대응 시급"," 세계일보A27면 1단2023.10.31.네이버뉴스 "
"글로벌 AI 규제 움직임 속도...내년 5월 韓 AI 정상회의 주목 [챗GPT 쇼크..."," 파이낸셜뉴스언론사 선정2023.11.05.네이버뉴스 "
"[AI 한입뉴스]""요약본 학습이 비결"" 엠파이어 빌딩 쓰러트린 미니 파이"," 아시아경제12면 1단2023.11.05.네이버뉴스 "
"달빛철도법·군공항 이전…해 넘긴 숙제들"," KBS2024.01.01.네이버뉴스 "
"‘광주 AI 영재고’ 근거 법안, 국회 상임위 통과"," KBS2023.09.22.네이버뉴스 "
"생성형 AI 거품론…무엇이 문제인가[테크트렌드]"," 한경비즈니스2023.10.22.네이버뉴스 "
"AI 안전 첫 정상회의… 尹정부, 글로벌 논의 선도해야[사설]"," 문화일보31면 1단2023.11.03.네이버뉴스 "
"AI기술 악용 우려한 국제사회… 국경 뛰어넘어 협력 나서다"," 세계일보A13면 1단2023.11.02.네이버뉴스 "
"'AI 규제법' 먼저 통과시킨 유럽…美·中 주도 AI시장서 반격"," 매일경제B5면 TOP2023.10.23.네이버뉴스 "
"“지금 AI는 아기나 마찬가지… 적당한 울타리 필요”"," 조선일보B7면 1단2023.11.02.네이버뉴스 "
"2차 대전 때 독일군 암호 풀던 곳에서···28개국, 첫 ‘AI 공동 대응’..."," 경향신문2023.11.02.네이버뉴스 "
"[사설] 美 ‘AI 규제’법 제정… 우리도 AI법 처리 서두르자"," 스카이데일리2023.11.02. "
"자율규제 미국, 고강도 규제 EU… 한국이 취할 전략은?"," 디지털데일리2023.12.28.네이버뉴스 "
"'필요악' AI 규제…미국 선도 속 국내 규제 법제화 가속 예고"," 뉴스핌2023.11.01. "
"[창간 38주년 특별기획] 생성형 AI가 가져온 변화, 그리고 미래"," 아이티데일리2023.11.01. "
"‘한국형 챗GPT’ 나오는데… AI 개념규정 법안도 못만든 국회"," 동아일보언론사 선정A6면 TOP2023.08.01.네이버뉴스 "
"美 “AI로 핵무기 등 개발 차단”… 안전평가 정부에 보고 의무화"," 동아일보언론사 선정A8면 TOP2023.11.01.네이버뉴스 "
"민간 AI 신뢰성 검·인증 본격 시행"," 아이티데일리2023.10.31. "
"[베터 소프트웨어 테스팅 콘퍼런스 2023]“테스팅과 AI 결합해 SW 품질 높..."," 전자신문11면 TOP2023.10.31.네이버뉴스 "
"TTA, 민간자율 AI 검인증 제도 도입…""AI 신뢰성 향상"""," 머니투데이방송2023.10.31. "
"광주~대구 달빛철도건설 특별법 연내 제정 무산"," 전남일보2023.12.27. "
"바이든 'AI위험 예방' 행정명령에 서명…안전실험 결과 보고해야"," 뉴스12023.10.31.네이버뉴스 "
"바이든, 안보 차원 AI 규제 행정명령 서명…AI 패권 다툼 본격화"," 동아일보언론사 선정2023.10.31.네이버뉴스 "
"'AI 행동강령' 만든 G7…""기업이 부작용 책임져라"" 압박"," 한국경제언론사 선정A2면 1단2023.10.30.네이버뉴스 "
"[투데이 窓]생성형AI 규제의 방향"," 머니투데이8면 1단2023.10.24.네이버뉴스 "
"미 CSIS 선임고문 ""미·EU, AI 규제 입장 달라 무역마찰 소지"""," 뉴스프리존2023.10.17. "
"[굿모닝! 주목 이 법안] AI 채용 시대 문제 줄이는 'AI 채용절차 공정화..."," 굿모닝경제2023.08.05. "
"여성 나체 9초 만에 ‘뚝딱’…포르노 제작 장벽 없앤 생성형 AI"," 매일경제언론사 선정2023.10.17.네이버뉴스 "
"여성 나체 9초 만에 ‘뚝딱’…포르노 제작 장벽 없앤 생성형 AI"," 매일경제언론사 선정2023.10.17.네이버뉴스 "
"美 상원, 中 기술기업 투자시 신고 의무화 법안 승인…반도체·AI·양자..."," 뉴스웍스2023.07.26. "
"[IT돋보기] AI기본법 '우선허용·사후규제' 원칙 빠질 듯...국회 처리 '청..."," 아이뉴스24언론사 선정2023.10.13.네이버뉴스 "
"‘이루다’ 성차별 학습 잊었나…AI 법안에 성평등 관점 없다"," 한겨레언론사 선정9면 1단2023.08.06.네이버뉴스 "
"국감 소환된 AI 이슈, 예산삭감·저작권 보호 질의, AI 정책 논의는 실종"," 이코리아2023.10.12. "
"정치판 흔드는 'AI딥페이크'…총선 앞두고 비상"," 영남일보2023.10.11. "
"'AI혁명' 종주국 美 'AI 규제' 속도...""기술 패권 유지가 최우선"""," 포쓰저널2023.10.10. "
"[가리사니] 어느 AI 개발자와의 대화"," 국민일보언론사 선정29면 TOP2023.10.23.네이버뉴스 "
"이란, '히잡 미착용' AI감시·처벌강화 법안 추진"," 연합뉴스2023.08.03.네이버뉴스 "
"세계 첫 AI 정상회의 올트먼·나델라 온다"," 아시아경제2023.10.16.네이버뉴스 "
"세계 첫 AI 정상회의 올트먼·나델라 온다"," 아시아경제2023.10.16.네이버뉴스 "
"에이아이옥션, 환각 없는 AI ‘K엔진’ 공개… “세무·임대차보호 분야..."," 조선비즈2023.10.24.네이버뉴스 "
"[칼럼 ]ChatGPT 시대의 도전: AI 편향성 문제의 심각성과 그에 대한 대응..."," 퍼블릭뉴스2023.12.06. "
"외교부, 법안 분석 AI 전문 기업과 만나 외교 업무 수행의 새 지평을 열..."," 보안뉴스2023.07.20. "
"외교부, AI 피스컬노트와 주요국 법안분석 업무협약 체결"," 뉴스핌2023.07.19. "
"“열흘 걸릴 일, 1분 만에… AI가 이커머스 혁신 불렀다”"," 국민일보5면 TOP2023.10.21.네이버뉴스 "
"[인공지능 줌인] 퓰리처 상 수상의 오펜하이머 전기 작가 ""핵무기는 인..."," 위키리크스한국2023.07.24. "
"'EU의 AI법, R&D와 경쟁 억제할 수 있어'… 미 국무부 내부 분석"," CIO Korea2023.10.10. "
"AI 통제하자는데… 따로 노는 전세계"," 국민일보언론사 선정2면 TOP2023.10.07.네이버뉴스 "
"AI, 일자리 '공포' 보단 '기회' …""AI대학 설립으로 인재 양성해야"""," 굿모닝경제2023.10.06. "
"AI 통제하자는데… 따로 노는 전세계"," 국민일보언론사 선정2면 TOP2023.10.07.네이버뉴스 "
"AI, 일자리 '공포' 보단 '기회' …""AI대학 설립으로 인재 양성해야"""," 굿모닝경제2023.10.06. "
"내년 초·중·고 '디지털 교육' 5333억…3년간 교부금 0.8% 배정"," 뉴시스언론사 선정2023.12.21.네이버뉴스 "
"이란, 히잡 미착용 여성 AI감시 및 처벌강화 법안 추진"," 서울경제2023.08.03.네이버뉴스 "
"[이진호의 시선] 발전하는 AI…이제는 진짜 ‘룰’ 논의해야 할 때"," 바이라인네트워크2023.10.05. "
"안철수, 고위험 인공지능 규제법안 발의…""AI 책임 강조"""," 뉴스12023.08.09.네이버뉴스 "
"외교부, 법안분석 AI 기업과 업무협약"," YTN2023.07.20.네이버뉴스 "
"하정우 네이버 AI센터장 “기술 규제 아닌 활용 규범 논의해야”"," 서울경제TV2023.10.12. "
"외교부, 법안분석 AI기업 '피스컬노트'와 MOU…주요국 규제 파악"," 연합뉴스2023.07.19.네이버뉴스 "
"AI목소리 시연하려… 국감장에 유인촌 장관 목소리로 `서른즈음`노래"," 디지털타임스언론사 선정4면 1단2023.10.10.네이버뉴스 "
