"source","word"
"Title","eu"
"Title","서"
"Title","강해지는"
"Title","ai"
"Title","규제"
"Title","국내"
"Title","기업"
"Title","대응은"
"Title","루머"
"Title","폭격이"
"Title","쏟아진다"
"Title","ai"
"Title","가짜뉴스"
"Title","대선"
"Title","위협"
"Title","et"
"Title","시론"
"Title","ai"
"Title","법"
"Title","제정"
"Title","ai"
"Title","발전과"
"Title","안전"
"Title","활용의"
"Title","초석"
"Title","ai"
"Title","규제"
"Title","나선"
"Title","글로벌"
"Title","한국도"
"Title","잰걸음"
"Title","글로벌"
"Title","ai"
"Title","규범"
"Title","주도해야"
"Title","과기정통부"
"Title","각계"
"Title","의견"
"Title","수렴"
"Title","ai"
"Title","정책정보"
"Title","플랫폼"
"Title","선보인"
"Title","안종범"
"Title","ai"
"Title","영재고"
"Title","반드시"
"Title","국회"
"Title","통과를"
"Title","딥페이크"
"Title","등"
"Title","ai"
"Title","악용한"
"Title","가짜뉴스"
"Title","대선"
"Title","위협한다"
"Title","한국도"
"Title","미국처럼"
"Title","ai"
"Title","만든"
"Title","콘텐츠"
"Title","에"
"Title","워터마크"
"Title","규제"
"Title","추진할까"
"Title","ai"
"Title","딥페이크"
"Title","영상"
"Title","워터마크"
"Title","의무화법"
"Title","발의"
"Title","과기정통부"
"Title","인공지능"
"Title","규범"
"Title","의견수렴"
"Title","ai"
"Title","법안"
"Title","조속"
"Title","제정"
"Title","ai"
"Title","영재고"
"Title","반드시"
"Title","국회"
"Title","통과를"
"Title","올해의"
"Title","인물"
"Title","인공지능"
"Title","ai"
"Title","혁신"
"Title","위험"
"Title","사이"
"Title","그대는"
"Title","어디쯤"
"Title","있나요"
"Title","2024"
"Title","유망산업"
"Title","배터리"
"Title","생성형"
"Title","ai"
"Title","ai"
"Title","경쟁력"
"Title","꽃"
"Title","필"
"Title","무렵"
"Title","포털"
"Title","길들이기"
"Title","한파"
"Title","교사"
"Title","ai"
"Title","교육"
"Title","재원"
"Title","법안"
"Title","교부금"
"Title","1"
"Title","0.8"
"Title","로"
"Title","조정"
"Title","유력"
"Title","ai"
"Title","가짜뉴스"
"Title","쓰나미"
"Title","47"
"Title","國"
"Title","선거판"
"Title","흔든다"
"Title","음악방송에"
"Title","안무가"
"Title","이름"
"Title","표기"
"Title","ai"
"Title","창작물"
"Title","저작권"
"Title","등록은"
"Title","금지"
"Title","개인정보위"
"Title","고학수"
"Title","ai"
"Title","고민"
"Title","담은"
"Title","가이드라인"
"Title","새해"
"Title","다수"
"Title","발표"
"Title","선거"
"Title","앞두고"
"Title","ai"
"Title","가짜뉴스"
"Title","쓰나미처럼"
"Title","덮칠"
"Title","것"
"Title","전문가들"
"Title","경고"
"Title","ai"
"Title","저작권"
"Title","첫"
"Title","가이드라인"
"Title","적절한"
"Title","보상"
"Title","vs"
"Title","경쟁"
"Title","뒤처져"
"Title","월클뉴스"
"Title","ai"
"Title","로"
"Title","날개"
"Title","단"
"Title","가짜뉴스"
"Title","선거판세"
"Title","휘젓고"
"Title","목숨까지"
"Title","2023"
"Title","10"
"Title","대"
"Title","뉴스"
"Title","해외"
"Title","eu"
"Title","세계최초"
"Title","ai"
"Title","규제법"
"Title","통과"
"Title","광주"
"Title","ai"
"Title","영재고"
"Title","설립"
"Title","법률"
"Title","개정안"
"Title","처리"
"Title","내년으로"
"Title","미뤄져"
"Title","생성형"
"Title","ai"
"Title","챗봇"
"Title","사용연령"
"Title","낮추는"
"Title","글로벌"
"Title","빅테크"
"Title","skt"
"Title","전화녹음"
"Title","삼성"
"Title","실시간"
"Title","전화"
"Title","통역"
"Title","ai"
"Title","서비스는"
"Title","쏟아지는데"
"Title","관련"
"Title","법"
"Title","고학수"
"Title","ai"
"Title","산업"
"Title","속도조절"
"Title","필요"
"Title","한국적"
"Title","생태계"
"Title","만들어야"
"Title","애플"
"Title","ai"
"Title","학습용"
"Title","뉴스"
"Title","사용료로"
"Title","651"
"Title","억원"
"Title","낸다"
"Title","테크"
"Title","m"
"Title","어워드"
"Title","테크"
"Title","m"
"Title","뽑은"
"Title","올해의"
"Title","키워드"
"Title","ai"
"Title","전문가"
"Title","기고"
"Title","전략적"
"Title","의사결정을"
"Title","위한"
"Title","생성형"
"Title","ai"
"Title","9"
"Title","가지"
"Title","경제적"
"Title","영향"
"Title","ai"
"Title","초지능화"
"Title","위협"
"Title","이르면"
"Title","5"
"Title","년"
"Title","뒤"
"Title","인간"
"Title","초월"
"Title","확률"
"Title","50"
"Title","ai"
"Title","규제"
"Title","eu"
"Title","좇지"
"Title","않을것"
"Title","국익"
"Title","최우선"
"Title","우리"
"Title","길"
"Title","찾아야"
"Title","2023"
"Title","ict"
"Title","10"
"Title","대"
"Title","뉴스"
"Title","챗"
"Title","gpt"
"Title","몰고온"
"Title","ai"
"Title","열풍"
"Title","행정망"
"Title","장애와"
"Title","식물화"
"Title","올해도"
"Title","내년에도"
"Title","숨"
"Title","가쁜"
"Title","ai"
"Title","시장"
"Title","주목할"
"Title","만한"
"Title","키워드는"
"Title","고학수"
"Title","개인정보위원장"
"Title","ai"
"Title","법"
"Title","미국"
"Title","유럽식도"
"Title","아닌"
"Title","우리"
"Title","국익"
"Title","따라야"
"Title","할리우드"
"Title","파업"
"Title","결실"
"Title","저작권은"
"Title","인간만"
"Title","한국도"
"Title","ai"
"Title","대응"
"Title","나선다"
"Title","자고"
"Title","나면"
"Title","달라지는"
"Title","ai"
"Title","기술"
"Title","eu"
"Title","서"
"Title","포괄적"
"Title","규제"
"Title","법안"
"Title","세계"
"Title","첫"
"Title","제정"
"Title","유럽"
"Title","ai"
"Title","규제법"
"Title","핵심은"
"Title","ai"
"Title","기술"
"Title","아닌"
"Title","사용"
"Title","방법"
"Title","a"
"Title","to"
"Title","z"
"Title","로"
"Title","돌아본"
"Title","2023"
"Title","년"
"Title","생성"
"Title","ai"
"Title","상용화"
"Title","한일관계"
"Title","복원"
"Title","이스라엘"
"Title","하마"
"Title","사설"
"Title","언론사"
"Title","뉴스"
"Title","가져다"
"Title","공짜로"
"Title","ai"
"Title","학습시키는"
"Title","네이버의"
"Title","무임승차"
"Title","국가"
"Title","경쟁력"
"Title","좌우할"
"Title","韓"
"Title","ai"
"Title","기술"
"Title","상위권"
"Title","맞춤형"
"Title","지원"
"Title","제도"
"Title","절실"
"Title","전창배의"
"Title","ai"
"Title","세상"
"Title","정치와"
"Title","인공지능"
"Title","데스크"
"Title","칼럼"
"Title","ai"
"Title","시대"
"Title","잊어선"
"Title","안"
"Title","될"
"Title","것"
"Title","eu"
"Title","세계"
"Title","첫"
"Title","ai"
"Title","규제"
"Title","韓"
"Title","생태계"
"Title","지킬"
"Title","방안"
"Title","시급"
"Title","하원"
"Title","ai"
"Title","투명성"
"Title","법안"
"Title","제출"
"Title","저작권"
"Title","보호"
"Title","힘"
"Title","실을까"
"Title","z"
"Title","시세"
"Title","가짜"
"Title","ai"
"Title","잡는"
"Title","ai"
"Title","한국엔"
"Title","개발할"
"Title","능력자가"
"Title","고학수"
"Title","개인정보위원장"
"Title","각국"
"Title","ai"
"Title","규제"
"Title","제각각"
"Title","韓"
"Title","유연한"
"Title","제도"
"Title","고민해야"
"Title","광주"
"Title","ai"
"Title","영재고"
"Title","설립"
"Title","법률"
"Title","개정안"
"Title","처리"
"Title","내년으로"
"Title","미뤄져"
"Title","그것이"
"Title","알고"
"Title","싶다"
"Title","ai"
"Title","시대에"
"Title","던진"
"Title","궁금증들"
"Title","sdf"
"Title","다이어리"
"Title","바이든"
"Title","대통령"
"Title","주한미군"
"Title","규모"
"Title","유지"
"Title","등"
"Title","국방수권법안"
"Title","서명"
"Title","eu"
"Title","선거"
"Title","의료정보에"
"Title","ai"
"Title","사용"
"Title","규제"
"Title","학습데이터는"
"Title","투명"
"Title","공개"
"Title","생체정보"
"Title","무단수집"
"Title","벌금"
"Title","500"
"Title","억원"
"Title","eu"
"Title","세계"
"Title","첫"
"Title","ai"
"Title","법"
"Title","합의"
"Title","뉴스"
"Title","투"
"Title","이종호"
"Title","우주항공청"
"Title","ai"
"Title","법"
"Title","통과"
"Title","늦어지면"
"Title","韓"
"Title","국제경쟁력"
"Title","훼손"
"Title","달빛철도"
"Title","특별법"
"Title","광주"
"Title","ai"
"Title","영재고"
"Title","등"
"Title","지역현안"
"Title","국회처리"
"Title","지연"
"Title","이용빈"
"Title","의원"
"Title","광주"
"Title","ai"
"Title","영재고"
"Title","설립법안"
"Title","국민의힘"
"Title","발목"
"Title","잡아"
"Title","김주하"
"Title","ai"
"Title","앵커가"
"Title","전하는"
"Title","주요뉴스"
"Title","국민의"
"Title","기업"
"Title","창작자"
"Title","권리"
"Title","보호하고"
"Title","ai"
"Title","산업이"
"Title","발전할"
"Title","수"
"Title","있는"
"Title","계기가"
"Title","손병채의"
"Title","센스메이킹"
"Title","27"
"Title","생성"
"Title","ai"
"Title","2023"
"Title","년"
"Title","이후의"
"Title","인간의"
"Title","의미"
"Title","뉴스"
"Title","1"
"Title","선정"
"Title","국내"
"Title","10"
"Title","대뉴스"
"Title","전세사기"
"Title","흉기난동"
"Title","공분"
"Title","한미일"
"Title","동맹"
"Title","女"
"Title","정치인"
"Title","보조금"
"Title","세분화"
"Title","성범죄자"
"Title","배달"
"Title","금지"
"Title","등"
"Title","법안"
"Title","130"
"Title","여건"
"Title","통과"
"Title","英"
"Title","ms"
"Title","오픈"
"Title","ai"
"Title","반독점"
"Title","위반"
"Title","조사"
"Title","eu"
"Title","세계"
"Title","첫"
"Title","ai"
"Title","규제법"
"Title","제정"
"Title","논의"
"Title","재개"
"Title","eu"
"Title","세계"
"Title","최초로"
"Title","ai"
"Title","규제법"
"Title","합의"
"Title","어기면"
"Title","벌금"
"Title","500"
"Title","억"
"Title","ai"
"Title","시대"
"Title","실질적인"
"Title","개인정보"
"Title","가이드라인"
"Title","필요"
"Title","스타트업"
"Title","한목소리"
"Title","ai"
"Title","지도로"
"Title","北"
"Title","상황도"
"Title","파악"
"Title","ai"
"Title","서"
"Title","기후"
"Title","식량"
"Title","해법"
"Title","찾는"
"Title","스타트업"
"Title","치명적인"
"Title","ai"
"Title","법안"
"Title","이러다가"
"Title","한국만"
"Title","고립되게"
"Title","생겼다"
"Title","소셜"
"Title","코리아"
"Title","eu"
"Title","학교"
"Title","ai"
"Title","감정인식"
"Title","금지"
"Title","법안제정"
"Title","한국"
"Title","교육부는"
"Title","2023"
"Title","산업계"
"Title","결산"
"Title","ai"
"Title","열풍불고"
"Title","물가안정"
"Title","사활"
"Title","글로벌"
"Title","불확실성"
"Title","지"
"Title","이용빈"
"Title","광주"
"Title","ai"
"Title","영재고"
"Title","설립법"
"Title","국회"
"Title","통과"
"Title","촉구"
"Title","여성정치발전비"
"Title","구체화"
"Title","딥페이크"
"Title","선거"
"Title","규제"
"Title","등"
"Title","법안"
"Title","130"
"Title","건"
"Title","본회의"
"Title","통과"
"Title","박상오"
"Title","변호사의"
"Title","콘텐츠"
"Title","content"
"Title","법률"
"Title","산책"
"Title","eu"
"Title","ai"
"Title","규제법"
"Title","도입을"
"Title","미국"
"Title","ai"
"Title","유엔"
"Title","결의"
"Title","추진"
"Title","인류"
"Title","전체"
"Title","위해"
"Title","선량하게"
"Title","쓰자"
"Title","ai"
"Title","의료기기"
"Title","다루는"
"Title","디지털의료제품법"
"Title","국회"
"Title","본회의"
"Title","통과"
"Title","세계"
"Title","첫"
"Title","ai"
"Title","규제법"
"Title","합의"
"Title","임박"
"Title","eu"
"Title","어떤"
"Title","내용"
"Title","담나"
"Title","국가"
"Title","간"
"Title","통상마찰"
"Title","우려"
"Title","글로벌"
"Title","ai"
"Title","기업"
"Title","비용"
"Title","부담"
"Title","英"
"Title","음란물"
"Title","연령확인에"
"Title","ai"
"Title","안면인식"
"Title","도입"
"Title","eu"
"Title","정반대"
"Title","행보"
"Title","정치인"
"Title","게섯거라"
"Title","브라질서"
"Title","ai"
"Title","만든"
"Title","조례"
"Title","만장일치"
"Title","통과"
"Title","마크롱"
"Title","eu"
"Title","ai"
"Title","혁신"
"Title","막을"
"Title","것"
"Title","경고"
"Title","ai"
"Title","규제안"
"Title","막판"
"Title","변수"
"Title","떠올라"
"Title","eu"
"Title","챗"
"Title","gpt"
"Title","대항할"
"Title","ai"
"Title","법"
"Title","잠정"
"Title","합의"
"Title","가장"
"Title","광범위한"
"Title","규제"
"Title","안전한"
"Title","ai"
"Title","글로벌"
"Title","논의"
"Title","가속"
"Title","우리나라는"
"Title","금요아침"
"Title","ai"
"Title","시대에"
"Title","유럽을"
"Title","보는"
"Title","이유"
"Title","세계는"
"Title","지금"
"Title","선거철"
"Title","ai"
"Title","딥페이크"
"Title","주의보"
"Title","거짓의"
"Title","쓰나미가"
"Title","온다"
"Title","英"
"Title","ms"
"Title","오픈"
"Title","ai"
"Title","독점"
"Title","가능성"
"Title","조사"
"Title","앱"
"Title","논란"
"Title","속에"
"Title","eu"
"Title","ai"
"Title","규제법"
"Title","합의"
"Title","ai"
"Title","반도체"
"Title","시장의"
"Title","주요"
"Title","이슈"
"Title","ai"
"Title","내"
"Title","평판"
"Title","긁어"
"Title","점수"
"Title","매긴다면"
"Title","마이너리티"
"Title","리포트"
"Title","법"
"Title","생겼"
"Title","배달라이더"
"Title","범죄"
"Title","경력"
"Title","조회"
"Title","공교육"
"Title","ai"
"Title","강화"
"Title","민생법안"
"Title","통과"
"Title","한국방송협회"
"Title","빅테크"
"Title","허락없이"
"Title","저작물"
"Title","ai"
"Title","학습에"
"Title","써선"
"Title","안"
"Title","돼"
"Title","국회"
"Title","예산부수법안"
"Title","처리"
"Title","결혼"
"Title","출산시"
"Title","3"
"Title","억원까지"
"Title","증여"
"Title","공제"
"Title","ai"
"Title","주도권"
"Title","다툼"
"Title","결국"
"Title","밥그릇"
"Title","싸움되나"
"Title","두"
"Title","개의"
"Title","전쟁"
"Title","최악"
"Title","폭염"
"Title","ai"
"Title","논쟁"
"Title","지구촌"
"Title","경고음"
"Title","더"
"Title","커졌다"
"Title","세계"
"Title","10"
"Title","과기정통부"
"Title","ai"
"Title","규범"
"Title","의견수렴"
"Title","나서"
"Title","미"
"Title","eu"
"Title","식"
"Title","균형"
"Title","접근"
"Title","필요"
"Title","만장일치"
"Title","통과된"
"Title","브라질"
"Title","조례"
"Title","사실은"
"Title","ai"
"Title","만든"
"Title","것"
"Title","충격"
"Title","고백"
"Title","시대가"
"Title","바꾼"
"Title","선거법"
"Title","총선"
"Title","90"
"Title","일"
"Title","전부터"
"Title","ai"
"Title","후보"
"Title","금지"
"Title","중앙시평"
"Title","ai"
"Title","규제"
"Title","eu"
"Title","방식은"
"Title","정답이"
"Title","아니다"
"Title","데스크의"
"Title","눈"
"Title","ai"
"Title","규제법"
"Title","서둘러야"
"Title","하는"
"Title","진짜"
"Title","이유"
"Title","2023"
"Title","결산"
"Title","sw"
"Title","달아오른"
"Title","ai"
"Title","경쟁"
"Title","무대는"
"Title","서비스로"
"Title","법제화"
"Title","도"
"Title","관건"
"Title","교육감들"
"Title","교부금"
"Title","1"
"Title","디지털"
"Title","교육"
"Title","사용"
"Title","법안"
"Title","철회"
"Title","요구"
"Title","리더스포럼"
"Title","인공지능"
"Title","ai"
"Title","기회와"
"Title","위험의"
"Title","공존"
"Title","kosa"
"Title","초거대"
"Title","ai"
"Title","추진협의회"
"Title","문체부"
"Title","ai"
"Title","저작권"
"Title","관련"
"Title","활용"
"Title","가이드"
"Title","개정"
"Title","요"
"Title","ai"
"Title","윤석열"
"Title","이재명"
"Title","못"
"Title","본다"
"Title","세계"
"Title","최초"
"Title","ai"
"Title","규제법"
"Title","합의"
"Title","eu"
"Title","37"
"Title","시간"
"Title","논의"
"Title","끝"
"Title","안면인식"
"Title","등"
"Title","엄격"
"Title","통"
"Title","eu"
"Title","선거"
"Title","의료정보에"
"Title","ai"
"Title","사용"
"Title","규제"
"Title","학습데이터는"
"Title","투명"
"Title","공개"
"Title","생체정보"
"Title","무단수집"
"Title","벌금"
"Title","500"
"Title","억원"
"Title","eu"
"Title","세계"
"Title","첫"
"Title","ai"
"Title","법"
"Title","합의"
"Title","뉴스"
"Title","투"
"Title","이종호"
"Title","우주항공청"
"Title","ai"
"Title","법"
"Title","통과"
"Title","늦어지면"
"Title","韓"
"Title","국제경쟁력"
"Title","훼손"
"Title","달빛철도"
"Title","특별법"
"Title","광주"
"Title","ai"
"Title","영재고"
"Title","등"
"Title","지역현안"
"Title","국회처리"
"Title","지연"
"Title","이용빈"
"Title","의원"
"Title","광주"
"Title","ai"
"Title","영재고"
"Title","설립법안"
"Title","국민의힘"
"Title","발목"
"Title","잡아"
"Title","김주하"
"Title","ai"
"Title","앵커가"
"Title","전하는"
"Title","주요뉴스"
"Title","국민의"
"Title","기업"
"Title","창작자"
"Title","권리"
"Title","보호하고"
"Title","ai"
"Title","산업이"
"Title","발전할"
"Title","수"
"Title","있는"
"Title","계기가"
"Title","손병채의"
"Title","센스메이킹"
"Title","27"
"Title","생성"
"Title","ai"
"Title","2023"
"Title","년"
"Title","이후의"
"Title","인간의"
"Title","의미"
"Title","뉴스"
"Title","1"
"Title","선정"
"Title","국내"
"Title","10"
"Title","대뉴스"
"Title","전세사기"
"Title","흉기난동"
"Title","공분"
"Title","한미일"
"Title","동맹"
"Title","eu"
"Title","세계"
"Title","최초"
"Title","ai"
"Title","규제법"
"Title","합의"
"Title","안면"
"Title","인식"
"Title","등"
"Title","엄격"
"Title","통제키로"
"Title","국민의"
"Title","기업"
"Title","창작자"
"Title","권리"
"Title","보호하고"
"Title","ai"
"Title","산업이"
"Title","발전할"
"Title","수"
"Title","있는"
"Title","계기가"
"Title","손병채의"
"Title","센스메이킹"
"Title","27"
"Title","생성"
"Title","ai"
"Title","2023"
"Title","년"
"Title","이후의"
"Title","인간의"
"Title","의미"
"Title","뉴스"
"Title","1"
"Title","선정"
"Title","국내"
"Title","10"
"Title","대뉴스"
"Title","전세사기"
"Title","흉기난동"
"Title","공분"
"Title","한미일"
"Title","동맹"
"Title","女"
"Title","정치인"
"Title","보조금"
"Title","세분화"
"Title","성범죄자"
"Title","배달"
"Title","금지"
"Title","등"
"Title","법안"
"Title","130"
"Title","여건"
"Title","통과"
"Title","이용빈"
"Title","의원"
"Title","광주"
"Title","ai"
"Title","영재고"
"Title","설립"
"Title","법안"
"Title","연내"
"Title","국회"
"Title","통과"
"Title","촉구"
"Title","英"
"Title","ms"
"Title","오픈"
"Title","ai"
"Title","반독점"
"Title","위반"
"Title","조사"
"Title","eu"
"Title","세계"
"Title","첫"
"Title","ai"
"Title","규제법"
"Title","제정"
"Title","논의"
"Title","재개"
"Title","eu"
"Title","세계"
"Title","최초"
"Title","ai"
"Title","규제법"
"Title","합의"
"Title","안면인식"
"Title","등"
"Title","통제"
"Title","eu"
"Title","세계"
"Title","최초로"
"Title","ai"
"Title","규제법"
"Title","합의"
"Title","어기면"
"Title","벌금"
"Title","500"
"Title","억"
"Title","eu"
"Title","세계"
"Title","첫"
"Title","ai"
"Title","규제법"
"Title","제정"
"Title","논의"
"Title","재개"
"Title","eu"
"Title","세계"
"Title","최초"
"Title","ai"
"Title","규제법"
"Title","합의"
"Title","안면인식"
"Title","등"
"Title","통제"
"Title","eu"
"Title","세계"
"Title","최초로"
"Title","ai"
"Title","규제법"
"Title","합의"
"Title","어기면"
"Title","벌금"
"Title","500"
"Title","억"
"Title","eu"
"Title","세계"
"Title","최초로"
"Title","ai"
"Title","규제법"
"Title","합의"
"Title","ai"
"Title","시대"
"Title","실질적인"
"Title","개인정보"
"Title","가이드라인"
"Title","필요"
"Title","스타트업"
"Title","한목소리"
"Title","ai"
"Title","지도로"
"Title","北"
"Title","상황도"
"Title","파악"
"Title","ai"
"Title","서"
"Title","기후"
"Title","식량"
"Title","해법"
"Title","찾는"
"Title","스타트업"
"Title","치명적인"
"Title","ai"
"Title","법안"
"Title","이러다가"
"Title","한국만"
"Title","고립되게"
"Title","생겼다"
"Title","소셜"
"Title","코리아"
"Title","eu"
"Title","학교"
"Title","ai"
"Title","감정인식"
"Title","금지"
"Title","법안제정"
"Title","한국"
"Title","교육부는"
"Title","2023"
"Title","산업계"
"Title","결산"
"Title","ai"
"Title","열풍불고"
"Title","물가안정"
"Title","사활"
"Title","글로벌"
"Title","불확실성"
"Title","지"
"Title","이용빈"
"Title","광주"
"Title","ai"
"Title","영재고"
"Title","설립법"
"Title","국회"
"Title","통과"
"Title","촉구"
"Title","eu"
"Title","학교"
"Title","ai"
"Title","감정인식"
"Title","금지"
"Title","법안제정"
"Title","한국"
"Title","교육부는"
"Title","2023"
"Title","산업계"
"Title","결산"
"Title","ai"
"Title","열풍불고"
"Title","물가안정"
"Title","사활"
"Title","글로벌"
"Title","불확실성"
"Title","지"
"Title","이용빈"
"Title","광주"
"Title","ai"
"Title","영재고"
"Title","설립법"
"Title","국회"
"Title","통과"
"Title","촉구"
"Title","윤석열"
"Title","공약"
"Title","이용빈"
"Title","의원"
"Title","광주"
"Title","ai"
"Title","영재고"
"Title","설립법안"
"Title","연내"
"Title","국회통과해"
"Title","여성정치발전비"
"Title","구체화"
"Title","딥페이크"
"Title","선거"
"Title","규제"
"Title","등"
"Title","법안"
"Title","130"
"Title","건"
"Title","본회의"
"Title","통과"
"Title","박상오"
"Title","변호사의"
"Title","콘텐츠"
"Title","content"
"Title","법률"
"Title","산책"
"Title","eu"
"Title","ai"
"Title","규제법"
"Title","도입을"
"Title","미국"
"Title","ai"
"Title","유엔"
"Title","결의"
"Title","추진"
"Title","인류"
"Title","전체"
"Title","위해"
"Title","선량하게"
"Title","쓰자"
"Title","eu"
"Title","세계"
"Title","최초"
"Title","ai"
"Title","규제법"
"Title","합의"
"Title","안면"
"Title","인식"
"Title","등"
"Title","엄격"
"Title","통제"
"Title","ai"
"Title","의료기기"
"Title","다루는"
"Title","디지털의료제품법"
"Title","국회"
"Title","본회의"
"Title","통과"
"Title","세계"
"Title","첫"
"Title","ai"
"Title","규제법"
"Title","합의"
"Title","임박"
"Title","eu"
"Title","어떤"
"Title","내용"
"Title","담나"
"Title","세계"
"Title","첫"
"Title","ai"
"Title","규제법"
"Title","합의"
"Title","임박"
"Title","eu"
"Title","어떤"
"Title","내용"
"Title","담나"
"Title","국가"
"Title","간"
"Title","통상마찰"
"Title","우려"
"Title","글로벌"
"Title","ai"
"Title","기업"
"Title","비용"
"Title","부담"
"Title","eu"
"Title","세계"
"Title","최초"
"Title","ai"
"Title","규제법"
"Title","합의"
"Title","안면인식"
"Title","등"
"Title","엄격"
"Title","통제"
"Title","英"
"Title","음란물"
"Title","연령확인에"
"Title","ai"
"Title","안면인식"
"Title","도입"
"Title","eu"
"Title","정반대"
"Title","행보"
"Title","정치인"
"Title","게섯거라"
"Title","브라질서"
"Title","ai"
"Title","만든"
"Title","조례"
"Title","만장일치"
"Title","통과"
"Title","마크롱"
"Title","eu"
"Title","ai"
"Title","혁신"
"Title","막을"
"Title","것"
"Title","경고"
"Title","ai"
"Title","규제안"
"Title","막판"
"Title","변수"
"Title","떠올라"
"Title","생성"
"Title","ai"
"Title","고위험"
"Title","기술"
"Title","eu"
"Title","법안"
"Title","韓"
"Title","ai"
"Title","규제는"
"Title","어디로"
"Title","eu"
"Title","챗"
"Title","gpt"
"Title","대항할"
"Title","ai"
"Title","법"
"Title","잠정"
"Title","합의"
"Title","가장"
"Title","광범위한"
"Title","규제"
"Title","안전한"
"Title","ai"
"Title","글로벌"
"Title","논의"
"Title","가속"
"Title","우리나라는"
"Title","금요아침"
"Title","ai"
"Title","시대에"
"Title","유럽을"
"Title","보는"
"Title","이유"
"Title","금요아침"
"Title","ai"
"Title","시대에"
"Title","유럽을"
"Title","보는"
"Title","이유"
"Title","eu"
"Title","세계"
"Title","최초"
"Title","ai"
"Title","규제법"
"Title","합의"
"Title","안면인식"
"Title","생체정보"
"Title","수집"
"Title","금지"
"Title","eu"
"Title","세계"
"Title","최초"
"Title","ai"
"Title","규제법"
"Title","합의"
"Title","어길"
"Title","시"
"Title","벌금"
"Title","500"
"Title","억"
"Title","부과"
"Title","여당"
"Title","비협조에"
"Title","광주"
"Title","ai"
"Title","영재고"
"Title","표류"
"Title","세계는"
"Title","지금"
"Title","선거철"
"Title","ai"
"Title","딥페이크"
"Title","주의보"
"Title","거짓의"
"Title","쓰나미가"
"Title","온다"
"Title","英"
"Title","ms"
"Title","오픈"
"Title","ai"
"Title","독점"
"Title","가능성"
"Title","조사"
"Title","앱"
"Title","논란"
"Title","속에"
"Title","eu"
"Title","ai"
"Title","규제법"
"Title","합의"
"Title","ai"
"Title","반도체"
"Title","시장의"
"Title","주요"
"Title","이슈"
"Title","ai"
"Title","내"
"Title","평판"
"Title","긁어"
"Title","점수"
"Title","매긴다면"
"Title","마이너리티"
"Title","리포트"
"Title","법"
"Title","생겼"
"Title","전세계"
"Title","선거"
"Title","시즌"
"Title","앞두고"
"Title","ai"
"Title","주의보"
"Title","가짜뉴스"
"Title","판칠"
"Title","것"
"Title","배달라이더"
"Title","범죄"
"Title","경력"
"Title","조회"
"Title","공교육"
"Title","ai"
"Title","강화"
"Title","민생법안"
"Title","통과"
"Title","ai"
"Title","내"
"Title","평판"
"Title","긁어"
"Title","점수"
"Title","매긴다면"
"Title","마이너리티"
"Title","리포트"
"Title","법"
"Title","생겼"
"Title","유럽"
"Title","세계"
"Title","최초"
"Title","포괄적인"
"Title","ai"
"Title","규제법"
"Title","에"
"Title","합의"
"Title","전세계"
"Title","선거"
"Title","시즌"
"Title","앞두고"
"Title","ai"
"Title","주의보"
"Title","가짜뉴스"
"Title","판칠"
"Title","것"
"Title","배달라이더"
"Title","범죄"
"Title","경력"
"Title","조회"
"Title","공교육"
"Title","ai"
"Title","강화"
"Title","민생법안"
"Title","통과"
"Title","한국방송협회"
"Title","빅테크"
"Title","허락없이"
"Title","저작물"
"Title","ai"
"Title","학습에"
"Title","써선"
"Title","안"
"Title","돼"
"Title","국회"
"Title","예산부수법안"
"Title","처리"
"Title","결혼"
"Title","출산시"
"Title","3"
"Title","억원까지"
"Title","증여"
"Title","공제"
"Title","eu"
"Title","ai"
"Title","규제법"
"Title","8"
"Title","일"
"Title","한국시각"
"Title","타결"
"Title","되나"
"Title","ai"
"Title","주도권"
"Title","다툼"
"Title","결국"
"Title","밥그릇"
"Title","싸움되나"
"Title","두"
"Title","개의"
"Title","전쟁"
"Title","최악"
"Title","폭염"
"Title","ai"
"Title","논쟁"
"Title","지구촌"
"Title","경고음"
"Title","더"
"Title","커졌다"
"Title","세계"
"Title","10"
"Title","eu"
"Title","세계"
"Title","첫"
"Title","ai"
"Title","규제법"
"Title","도입"
"Title","합의"
"Title","2026"
"Title","년"
"Title","발효"
"Title","전망"
"Title","eu"
"Title","세계"
"Title","첫"
"Title","ai"
"Title","규제법"
"Title","도입"
"Title","합의"
"Title","2026"
"Title","년"
"Title","발효"
"Title","전망"
"Title","과기정통부"
"Title","ai"
"Title","규범"
"Title","의견수렴"
"Title","나서"
"Title","미"
"Title","eu"
"Title","식"
"Title","균형"
"Title","접근"
"Title","필요"
"Title","eu"
"Title","챗"
"Title","gpt"
"Title","등"
"Title","ai"
"Title","규제법"
"Title","합의"
"Title","임박"
"Title","이번"
"Title","주"
"Title","잠정"
"Title","합의"
"Title","기대"
"Title","만장일치"
"Title","통과된"
"Title","브라질"
"Title","조례"
"Title","사실은"
"Title","ai"
"Title","만든"
"Title","것"
"Title","충격"
"Title","고백"
"Title","eu"
"Title","세계"
"Title","첫"
"Title","ai"
"Title","규제법"
"Title","합의"
"Title","안면인식"
"Title","등"
"Title","엄격통제"
"Title","시대가"
"Title","바꾼"
"Title","선거법"
"Title","총선"
"Title","90"
"Title","일"
"Title","전부터"
"Title","ai"
"Title","후보"
"Title","금지"
"Title","달빛철도"
"Title","특별법"
"Title","광주"
"Title","ai"
"Title","영재고"
"Title","등"
"Title","지역현안"
"Title","국회처리"
"Title","지연"
"Title","중앙시평"
"Title","ai"
"Title","규제"
"Title","eu"
"Title","방식은"
"Title","정답이"
"Title","아니다"
"Title","데스크의"
"Title","눈"
"Title","ai"
"Title","규제법"
"Title","서둘러야"
"Title","하는"
"Title","진짜"
"Title","이유"
"Title","2023"
"Title","결산"
"Title","sw"
"Title","달아오른"
"Title","ai"
"Title","경쟁"
"Title","무대는"
"Title","서비스로"
"Title","법제화"
"Title","도"
"Title","관건"
"Title","데스크의"
"Title","눈"
"Title","ai"
"Title","규제법"
"Title","서둘러야"
"Title","하는"
"Title","진짜"
"Title","이유"
"Title","2023"
"Title","결산"
"Title","sw"
"Title","달아오른"
"Title","ai"
"Title","경쟁"
"Title","무대는"
"Title","서비스로"
"Title","법제화"
"Title","도"
"Title","관건"
"Title","교육감들"
"Title","교부금"
"Title","1"
"Title","디지털"
"Title","교육"
"Title","사용"
"Title","법안"
"Title","철회"
"Title","요구"
"Title","세계"
"Title","첫"
"Title","ai"
"Title","규제법"
"Title","이르면"
"Title","오늘"
"Title","타결"
"Title","eu"
"Title","오픈소스"
"Title","모델은"
"Title","제외할듯"
"Title","로이터"
"Title","eu"
"Title","챗"
"Title","gpt"
"Title","등"
"Title","생성형"
"Title","ai"
"Title","포괄적"
"Title","규제법안"
"Title","합의"
"Title","가까워져"
"Title","eu"
"Title","마라톤"
"Title","회의"
"Title","끝"
"Title","세계"
"Title","최초"
"Title","ai"
"Title","규제법"
"Title","합의"
"Title","eu"
"Title","세계"
"Title","첫"
"Title","ai"
"Title","규제법"
"Title","합의"
"Title","안면인식"
"Title","등"
"Title","통제"
"Title","리더스포럼"
"Title","인공지능"
"Title","ai"
"Title","기회와"
"Title","위험의"
"Title","공존"
"Title","kosa"
"Title","초거대"
"Title","ai"
"Title","추진협의회"
"Title","문체부"
"Title","ai"
"Title","저작권"
"Title","관련"
"Title","활용"
"Title","가이드"
"Title","개정"
"Title","요"
"Title","ai"
"Title","윤석열"
"Title","이재명"
"Title","못"
"Title","본다"
"Title","황종성"
"Title","nia"
"Title","원장"
"Title","韓"
"Title","ai"
"Title","경쟁력"
"Title","키우려면"
"Title","법제도"
"Title","정립해야"
"Title","ai"
"Title","한발늦은"
"Title","유럽"
"Title","소형모델로"
"Title","틈새"
"Title","노린다"
"Title","유럽연합"
"Title","ai"
"Title","규제법"
"Title","합의"
"Title","규정"
"Title","위반시"
"Title","매출"
"Title","7"
"Title","벌금"
"Title","방송계"
"Title","ai"
"Title","우리"
"Title","영상"
"Title","무단"
"Title","학습"
"Title","안"
"Title","돼"
"Title","빅테크사에"
"Title","의견서"
"Title","한국방송협회"
"Title","ai"
"Title","학습에"
"Title","방송"
"Title","뉴스"
"Title","이용하려면"
"Title","보상"
"Title","필요"
"Title","ai"
"Title","윤석열"
"Title","이재명"
"Title","못"
"Title","쓴다"
"Title","딥페이크"
"Title","선거운동"
"Title","금지"
"Title","2023"
"Title","년"
"Title","미디어"
"Title","이슈"
"Title","결산"
"Title","세계"
"Title","편"
"Title","생성형"
"Title","ai"
"Title","mit"
"Title","그룹"
"Title","ai"
"Title","거버넌스"
"Title","발표"
"Title","ai"
"Title","규제"
"Title","논의"
"Title","본격화"
"Title","eu"
"Title","ai"
"Title","규제안"
"Title","전면"
"Title","보류되나"
"Title","프랑스"
"Title","독일"
"Title","이탈리아"
"Title","이탈"
"Title","결이"
"Title","다른"
"Title","미국과"
"Title","유럽연합의"
"Title","ai"
"Title","규제"
"Title","속내는"
"Title","eu"
"Title","ai"
"Title","규제안"
"Title","전면"
"Title","보류되나"
"Title","프랑스"
"Title","독일"
"Title","이탈리아"
"Title","이탈"
"Title","결이"
"Title","다른"
"Title","미국과"
"Title","유럽연합의"
"Title","ai"
"Title","규제"
"Title","속내는"
"Title","eu"
"Title","세계"
"Title","최초"
"Title","ai"
"Title","법"
"Title","제정"
"Title","기술자보다"
"Title","변호사"
"Title","고용해야"
"Title","할"
"Title","판"
"Title","비판도"
"Title","eu"
"Title","세계"
"Title","첫"
"Title","ai"
"Title","규제법"
"Title","합의"
"Title","얼굴인식"
"Title","정보"
"Title","수집"
"Title","금지"
"Title","바이든"
"Title","8"
"Title","천"
"Title","860"
"Title","억"
"Title","달러"
"Title","규모"
"Title","국방수권법안"
"Title","서명"
"Title","eu"
"Title","ai"
"Title","법"
"Title","빅테크"
"Title","겨냥"
"Title","ai"
"Title","생태계"
"Title","놓고"
"Title","글로벌"
"Title","대전"
"Title","세계"
"Title","최초"
"Title","ai"
"Title","규제법"
"Title","만든"
"Title","eu"
"Title","ms"
"Title","오픈"
"Title","ai"
"Title","투자"
"Title","반독점"
"Title","조사"
"Title","아이포럼"
"Title","2023"
"Title","ai"
"Title","기술"
"Title","윤리의"
"Title","균형점"
"Title","찾아야"
"Title","ai"
"Title","거버넌스"
"Title","구축"
"Title","필"
"Title","결혼때"
"Title","양가지원"
"Title","3"
"Title","억까지"
"Title","교사"
"Title","ai"
"Title","교육에"
"Title","교부금"
"Title","내년"
"Title","총선"
"Title","90"
"Title","일"
"Title","전부터"
"Title","ai"
"Title","윤석열"
"Title","금지된다"
"Title","내년"
"Title","총선"
"Title","90"
"Title","일"
"Title","전부터"
"Title","ai"
"Title","윤석열"
"Title","금지된다"
"Title","뜨거워진"
"Title","ai"
"Title","경쟁"
"Title","3"
"Title","파전"
"Title","eu"
"Title","세계"
"Title","첫"
"Title","ai"
"Title","규제법"
"Title","타결"
"Title","정년"
"Title","앞둔"
"Title","고법"
"Title","부장이"
"Title","던진"
"Title","재판지연"
"Title","대책"
"Title","ai"
"Title","도입하자"
"Title","34"
"Title","만"
"Title","ai"
"Title","디지털"
"Title","교사"
"Title","양성"
"Title","골든타임"
"Title","놓칠라"
"Title","교부금법"
"Title","개정안"
"Title","촉각"
"Title","인공지능"
"Title","규제하는"
"Title","유럽"
"Title","의료"
"Title","ai"
"Title","기업에"
"Title","적신호"
"Title","될까"
"Title","why"
"Title","바이오"
"Title","eu"
"Title","세계"
"Title","최초"
"Title","ai"
"Title","규제법"
"Title","타결"
"Title","eu"
"Title","세계"
"Title","첫"
"Title","ai"
"Title","규제법"
"Title","합의"
"Title","이르면"
"Title","2026"
"Title","년"
"Title","시행"
"Title","eu"
"Title","37"
"Title","시간"
"Title","진통"
"Title","끝에"
"Title","세계"
"Title","최초"
"Title","ai"
"Title","규제법"
"Title","합의"
"Title","주요"
"Title","내용은"
"Title","디지털의료제품법안"
"Title","국회"
"Title","본회의"
"Title","통과"
"Title","지원"
"Title","평가"
"Title","체계"
"Title","마련"
"Title","에넘파"
"Title","외쳐"
"Title","배꼽"
"Title","잡았던"
"Title","ai"
"Title","尹"
"Title","같은"
"Title","딥"
"Title","페이크"
"Title","선거운동"
"Title","못한다"
"Title","ai"
"Title","활용"
"Title","선거운동"
"Title","한"
"Title","달만"
"Title","허용"
"Title","90"
"Title","일"
"Title","전부턴"
"Title","금지"
"Title","정개특위"
"Title","소위"
"Title","통"
"Title","에넘파"
"Title","외쳐"
"Title","배꼽"
"Title","잡았던"
"Title","ai"
"Title","尹"
"Title","같은"
"Title","딥"
"Title","페이크"
"Title","선거운동"
"Title","못한다"
"Title","ms"
"Title","미국"
"Title","노동총연맹과"
"Title","ai"
"Title","파트너십"
"Title","빅테크"
"Title","첫"
"Title","노조와"
"Title","ai"
"Title","협업"
"Title","생성형"
"Title","ai"
"Title","규제"
"Title","어떻게"
"Title","eu"
"Title","첫"
"Title","합의안"
"Title","나왔다"
"Title","eu"
"Title","세계"
"Title","첫"
"Title","ai"
"Title","규제법"
"Title","합의"
"Title","자율주행"
"Title","의료장비"
"Title","기업"
"Title","영향"
"Title","eu"
"Title","세계"
"Title","첫"
"Title","ai"
"Title","규제법"
"Title","합의"
"Title","한국식"
"Title","ai"
"Title","규제모델"
"Title","마련해야"
"Title","eu"
"Title","ai"
"Title","규제법"
"Title","합의"
"Title","안면인식"
"Title","등"
"Title","통제키로"
"Title","대형마트"
"Title","방폐물"
"Title","재정준칙"
"Title","ai"
"Title","꽁꽁"
"Title","얼어붙은"
"Title","경제입법"
"Title","eu"
"Title","포괄적"
"Title","ai"
"Title","규제"
"Title","합의"
"Title","eu"
"Title","세계"
"Title","첫"
"Title","ai"
"Title","법안"
"Title","합의"
"Title","한국은"
"Title","1"
"Title","년째"
"Title","계류"
"Title","주한미군"
"Title","규모"
"Title","유지"
"Title","바이든"
"Title","국방수권법안"
"Title","서명"
"Title","일본"
"Title","법률안"
"Title","작성"
"Title","개정"
"Title","위해"
"Title","ai"
"Title","시스템"
"Title","도입"
"Title","eu"
"Title","세계"
"Title","최초"
"Title","ai"
"Title","규제법"
"Title","타결"
"Title","안면인식"
"Title","등"
"Title","엄격"
"Title","통제"
"Title","마크롱도"
"Title","주목한"
"Title","유럽"
"Title","대표"
"Title","ai"
"Title","기업"
"Title","유럽연합"
"Title","세계"
"Title","첫"
"Title","ai"
"Title","규제법"
"Title","합의"
"Title","안면인식"
"Title","기술"
"Title","금지"
"Title","줌인"
"Title","it"
"Title","한"
"Title","껏"
"Title","부푼"
"Title","ai"
"Title","시대"
"Title","기대감"
"Title","탈"
"Title","gpu"
"Title","규제"
"Title","등"
"Title","변수"
"Title","예의주시해야"
"Title","ai"
"Title","동맹"
"Title","떴다"
"Title","생성"
"Title","ai"
"Title","개방형"
"Title","vs"
"Title","폐쇄형"
"Title","경쟁"
"Title","치열"
"Title","대형마트"
"Title","부동산"
"Title","원전"
"Title","ai"
"Title","경제입법"
"Title","국회에"
"Title","가로막혔다"
"Title","eu"
"Title","세계"
"Title","첫"
"Title","ai"
"Title","규제법"
"Title","타결"
"Title","임박"
"Title","내일"
"Title","협상"
"Title","재개"
"Title","고위험"
"Title","인공지능"
"Title","ai"
"Title","금지"
"Title","처벌"
"Title","규제"
"Title","필요성"
"Title","주목"
"Title","몰아붙이기식"
"Title","플랫폼"
"Title","규제"
"Title","공정위"
"Title","소관"
"Title","법안과"
"Title","문제돼"
"Title","ai"
"Title","학습용"
"Title","데이터"
"Title","대가내야"
"Title","방송계"
"Title","출처경로"
"Title","공개"
"Title","촉구"
"Title","유동수"
"Title","대표발의"
"Title","월세공제"
"Title","확대"
"Title","법안"
"Title","국회"
"Title","통과"
"Title","eu"
"Title","ai"
"Title","기술"
"Title","개발에"
"Title","엄격한"
"Title","규제"
"Title","도입할"
"Title","예정"
"Title","입법성과"
"Title","낸"
"Title","대구경북"
"Title","의원들"
"Title","다양한"
"Title","민생법안"
"Title","국회"
"Title","본회의"
"Title","통과"
"Title","유럽연합"
"Title","ai"
"Title","규제법"
"Title","합의"
"Title","영"
"Title","프"
"Title","독"
"Title","자리싸움"
"Title","주목"
"Title","ai"
"Title","윤석열"
"Title","이재명"
"Title","못"
"Title","쓴다"
"Title","선거"
"Title","90"
"Title","일"
"Title","전"
"Title","금지"
"Title","eu"
"Title","ai"
"Title","법안"
"Title","제정"
"Title","연내"
"Title","못할"
"Title","수도"
"Title","국내"
"Title","영향은"
"Title","단독"
"Title","ai"
"Title","통화녹음"
"Title","도청일까"
"Title","정부"
"Title","skt"
"Title","에이닷"
"Title","점검"
"Title","나선다"
"Title","뜨거워진"
"Title","ai"
"Title","경쟁"
"Title","3"
"Title","파전"
"Title","eu"
"Title","세계"
"Title","첫"
"Title","ai"
"Title","규제법"
"Title","타결"
"Title","eu"
"Title","세계"
"Title","최초"
"Title","포괄적인"
"Title","ai"
"Title","규제"
"Title","도입"
"Title","특별교부금"
"Title","비율"
"Title","3"
"Title","년간"
"Title","0.8"
"Title","p"
"Title","상향"
"Title","교원"
"Title","ai"
"Title","기반"
"Title","교수학습"
"Title","역량"
"Title","강화한"
"Title","유럽연합"
"Title","세계"
"Title","최초"
"Title","ai"
"Title","규제법"
"Title","합의"
"Title","어기면"
"Title","벌금"
"Title","500"
"Title","억원"
"Title","d"
"Title","뉴스"
"Title","만장일치로"
"Title","통과된"
"Title","법안"
"Title","ai"
"Title","작품이었다"
"Title","단"
"Title","15"
"Title","초"
"Title","걸려"
"Title","홍성욱의"
"Title","과학"
"Title","오디세이"
"Title","45"
"Title","ai"
"Title","위험을"
"Title","규제하려는"
"Title","법"
"Title","정치인도"
"Title","ai"
"Title","대체"
"Title","브라질에서"
"Title","챗"
"Title","gpt"
"Title","만든"
"Title","조례"
"Title","첫"
"Title","통과"
"Title","eu"
"Title","세계"
"Title","최초"
"Title","ai"
"Title","규제"
"Title","법안"
"Title","합의"
"Title","안면인식"
"Title","규제"
"Title","국회의장"
"Title","김진표"
"Title","권한남용"
"Title","숙의"
"Title","없이"
"Title","부수"
"Title","법안"
"Title","지정"
"Title","역사에"
"Title","죄를"
"Title","의회"
"Title","ai"
"Title","이용한"
"Title","금융"
"Title","범죄"
"Title","3"
"Title","배"
"Title","가중"
"Title","처벌"
"Title","법안"
"Title","추진"
"Title","12"
"Title","월"
"Title","28"
"Title","일"
"Title","아시아타임즈"
"Title","헤드라인"
"Title","뉴스"
"Title","세계는"
"Title","지금"
"Title","선거철"
"Title","ai"
"Title","딥페이"
"Title","eu"
"Title","세계"
"Title","첫"
"Title","ai"
"Title","규제법"
"Title","통과"
"Title","ai"
"Title","훈련방법"
"Title","데이터"
"Title","보고해야"
"Title","日"
"Title","정부"
"Title","법률"
"Title","개정"
"Title","작업에"
"Title","ai"
"Title","도입"
"Title","실수"
"Title","종이"
"Title","낭비"
"Title","줄인다"
"Title","엔터프라이즈핫이슈"
"Title","테크"
"Title","스타트업"
"Title","투자"
"Title","찬바람"
"Title","ai"
"Title","도"
"Title","영향권"
"Title","eu"
"Title","세계"
"Title","최초"
"Title","ai"
"Title","규제법"
"Title","합의"
"Title","안면인식"
"Title","등"
"Title","엄격"
"Title","통제키로"
"Title","2023"
"Title","수의계이슈"
"Title","11"
"Title","20"
"Title","위"
"Title","인터벤션"
"Title","과장광고"
"Title","수의법의학"
"Title","고양이"
"Title","ai"
"Title","인간들의"
"Title","파워게임이"
"Title","ai"
"Title","판도"
"Title","흔든다"
"Title","it"
"Title","큐레이션"
"Title","ai"
"Title","윤석열"
"Title","ai"
"Title","이재명"
"Title","유세에"
"Title","못"
"Title","쓴다"
"Title","선거일"
"Title","90"
"Title","일"
"Title","전"
"Title","전면금지"
"Title","기본권"
"Title","보호와"
"Title","혁신의"
"Title","제동"
"Title","사이에서"
"Title","고민하는"
"Title","유럽"
"Title","ai"
"Title","법"
"Title","핵심"
"Title","내용과"
"Title","챗"
"Title","gpt"
"Title","잡아라"
"Title","동맹"
"Title","맺은"
"Title","후발주자들"
"Title","유럽"
"Title","ai"
"Title","법은"
"Title","통과"
"Title","불투명"
"Title","eu"
"Title","ai"
"Title","시대"
"Title","위험성"
"Title","다룬"
"Title","ai"
"Title","법"
"Title","합의"
"Title","안면인식"
"Title","등"
"Title","엄격"
"Title","통제"
"Title","챗"
"Title","gpt"
"Title","잡아라"
"Title","동맹"
"Title","맺은"
"Title","후발주자들"
"Title","유럽"
"Title","ai"
"Title","법은"
"Title","통과"
"Title","불투명"
"Title","eu"
"Title","ai"
"Title","시대"
"Title","위험성"
"Title","다룬"
"Title","ai"
"Title","법"
"Title","합의"
"Title","안면인식"
"Title","등"
"Title","엄격"
"Title","통제"
"Title","eu"
"Title","세계"
"Title","첫"
"Title","ai"
"Title","규제법"
"Title","타결"
"Title","임박"
"Title","내일"
"Title","협상"
"Title","재개"
"Title","종합"
"Title","망사용료"
"Title","논의"
"Title","끝나지"
"Title","않았다"
"Title","ai"
"Title","시대"
"Title","맞은"
"Title","지금부터"
"Title","진짜"
"Title","it"
"Title","돋보기"
"Title","ai"
"Title","윤석열"
"Title","못"
"Title","본다"
"Title","딥페이크"
"Title","선거운동"
"Title","90"
"Title","일"
"Title","전부터"
"Title","금지"
"Title","12"
"Title","월"
"Title","8"
"Title","일"
"Title","월가의"
"Title","돈이"
"Title","되는"
"Title","트렌드"
"Title","월렛"
"Title","생성형"
"Title","ai"
"Title","글로벌"
"Title","시황"
"Title","이슈"
"Title","오픈"
"Title","ai"
"Title","내"
"Title","실패한"
"Title","쿠데타"
"Title","미래의"
"Title","불행일까"
"Title","행운일까"
"Title","탐사보도"
"Title","뉴스프"
"Title","트래픽"
"Title","잡아"
"Title","먹는"
"Title","ai"
"Title","시대"
"Title","망"
"Title","사용료"
"Title","부담은"
"Title","누가"
"Title","선거"
"Title","90"
"Title","일전부터"
"Title","딥페이크"
"Title","선거운동"
"Title","금지"
"Title","ai"
"Title","윤석열"
"Title","이재명"
"Title","못"
"Title","쓴"
"Title","유럽연합"
"Title","인공지능"
"Title","규제법안"
"Title","가속주의"
"Title","vs"
"Title","이타주의"
"Title","본격"
"Title","대립"
"Title","신호탄"
"Title","유럽연합"
"Title","인공지능"
"Title","규제법안"
"Title","가속주의"
"Title","vs"
"Title","이타주의"
"Title","본격"
"Title","대립"
"Title","신호탄"
"Title","실리콘밸리"
"Title","전설"
"Title","존"
"Title","체임버스"
"Title","대다수"
"Title","기업"
"Title","ai"
"Title","버블"
"Title","베팅할"
"Title","가치"
"Title","세계"
"Title","최초"
"Title","ai"
"Title","규제법"
"Title","제정될까"
"Title","eu"
"Title","내일"
"Title","논의"
"Title","재개한다"
"Title","eu"
"Title","세계"
"Title","첫"
"Title","ai"
"Title","법"
"Title","제정"
"Title","위반땐"
"Title","벌금"
"Title","497"
"Title","억"
"Title","엄격"
"Title","통제"
"Title","미"
"Title","상원"
"Title","이스라엘"
"Title","우크라이나"
"Title","지원"
"Title","예산"
"Title","표결"
"Title","감독"
"Title","당국"
"Title","ai"
"Title","금융시스"
"Title","위키윤"
"Title","ai"
"Title","재밍"
"Title","마지막"
"Title","딥페이크"
"Title","선거운동"
"Title","금지"
"Title","방송협회"
"Title","빅테크"
"Title","기업"
"Title","생성형"
"Title","ai"
"Title","에"
"Title","방송자료"
"Title","무단"
"Title","활용"
"Title","금지"
"Title","의견"
"Title","묻"
"Title","eu"
"Title","ai"
"Title","규제법"
"Title","통과"
"Title","왜"
"Title","2"
"Title","년이나"
"Title","걸렸을까"
"Title","일본"
"Title","정부"
"Title","법률"
"Title","개정"
"Title","작업에"
"Title","ai"
"Title","도입"
"Title","실수"
"Title","종이"
"Title","낭비"
"Title","줄인다"
"Title","lg"
"Title","ai"
"Title","연구원이"
"Title","논문"
"Title","19"
"Title","편"
"Title","발표했다는"
"Title","뉴립스"
"Title","알고보니"
"Title","인공지능"
"Title","분야"
"Title","eu"
"Title","최초"
"Title","ai"
"Title","규제법"
"Title","합의에"
"Title","국내"
"Title","법안도"
"Title","눈길"
"Title","lg"
"Title","ai"
"Title","연구원이"
"Title","논문"
"Title","19"
"Title","편"
"Title","발표했다는"
"Title","뉴립스"
"Title","알고보니"
"Title","인공지능"
"Title","분야"
"Title","ai"
"Title","저작권"
"Title","문제의"
"Title","대안은"
"Title","nia"
"Title","생성형"
"Title","ai"
"Title","규제"
"Title","개선"
"Title","세미나"
"Title","개최"
"Title","ai"
"Title","함께"
"Title","맞이하는"
"Title","2024"
"Title","선거"
"Title","얼마나"
"Title","달라지나"
"Title","ai"
"Title","선거"
"Title","맘껏"
"Title","뛰어놀았니"
"Title","이제는"
"Title","뒤돌아볼"
"Title","때"
"Title","eu"
"Title","ai"
"Title","법"
"Title","규제"
"Title","신호탄"
"Title","쏘아"
"Title","올"
"Title","사설"
"Title","eu"
"Title","세계"
"Title","첫"
"Title","ai"
"Title","규제법"
"Title","합의"
"Title","우리도"
"Title","규범"
"Title","마련"
"Title","서둘러야"
"Title","자율운항"
"Title","선박"
"Title","상용화"
"Title","법안"
"Title","국회"
"Title","통과"
"Title","국내"
"Title","업체들"
"Title","개발"
"Title","상황은"
"Title","글로벌"
"Title","옷"
"Title","벗기기"
"Title","앱에"
"Title","2400"
"Title","만명"
"Title","몰렸다"
"Title","ai"
"Title","악용"
"Title","우려"
"Title","높아져"
"Title","대본"
"Title","요약부터"
"Title","웹툰"
"Title","제작까지"
"Title","ai"
"Title","활약에"
"Title","몰리는"
"Title","투자"
"Title","geeks"
"Title","briefing"
"Title","eu"
"Title","세계"
"Title","첫"
"Title","ai"
"Title","규제법"
"Title","타결"
"Title","임박"
"Title","ai"
"Title","혁신과"
"Title","규제"
"Title","사이"
"Title","접점"
"Title","찾아가는"
"Title","각국들"
"Title","2"
"Title","대표"
"Title","vc"
"Title","안드레센"
"Title","호로위츠"
"Title","ai"
"Title","암호화폐"
"Title","규제"
"Title","완화"
"Title","위한"
"Title","정치"
"Title","로비"
"Title","브라질"
"Title","시의회서"
"Title","ai"
"Title","15"
"Title","초"
"Title","만에"
"Title","만든"
"Title","조례"
"Title","만장일치"
"Title","통과"
"Title","ai"
"Title","윤석열"
"Title","이재명"
"Title","못"
"Title","쓴다"
"Title","선거"
"Title","90"
"Title","일"
"Title","전"
"Title","금지"
"Title","ai"
"Title","법의"
"Title","대대적"
"Title","합의"
"Title","도달한"
"Title","eu"
"Title","우려는"
"Title","여전"
"Title","내년"
"Title","총선서"
"Title","ai"
"Title","윤석열"
"Title","못본다"
"Title","선거"
"Title","90"
"Title","일전부터"
"Title","딥페이크"
"Title","금지"
"Title","eu"
"Title","법원"
"Title","승인"
"Title","없이"
"Title","ai"
"Title","인식"
"Title","데이터"
"Title","사용"
"Title","금지"
"Title","eu"
"Title","챗"
"Title","gpt"
"Title","등"
"Title","규제"
"Title","ai"
"Title","법"
"Title","잠정"
"Title","합의"
"Title","가장"
"Title","광범위한"
"Title","규제"
"Title","데일리픽"
"Title","유럽연합"
"Title","ai"
"Title","법안"
"Title","발표"
"Title","메타"
"Title","간판"
"Title","sns"
"Title","이용자수"
"Title","뚝"
"Title","혁신"
"Title","vs"
"Title","성장"
"Title","유럽연합은"
"Title","ai"
"Title","규제"
"Title","논의"
"Title","중"
"Title","eu"
"Title","ai"
"Title","법"
"Title","잠정"
"Title","합의"
"Title","오픈"
"Title","소스"
"Title","이어"
"Title","생체"
"Title","인식도"
"Title","예외"
"Title","인정"
"Title","eu"
"Title","ai"
"Title","목에"
"Title","방울"
"Title","달"
"Title","수"
"Title","있을까"
"Title","global"
"Title","ai"
"Title","고위험"
"Title","고강도"
"Title","현장서"
"Title","로봇과"
"Title","협업해"
"Title","판"
"Title","키운다"
"Title","유럽연합"
"Title","세계"
"Title","최초"
"Title","ai"
"Title","규제"
"Title","합의"
"Title","벌금"
"Title","최대"
"Title","500"
"Title","억원"
"Title","eu"
"Title","챗"
"Title","gpt"
"Title","등"
"Title","규제"
"Title","ai"
"Title","법"
"Title","잠정"
"Title","합의"
"Title","가장"
"Title","광범위한"
"Title","규제"
"Title","지상파방송사"
"Title","네이버"
"Title","카카오"
"Title","구글"
"Title","ms"
"Title","에"
"Title","저작물"
"Title","ai"
"Title","학습"
"Title","이용여부"
"Title","의견"
"Title","엔비디아"
"Title","ai"
"Title","반도체"
"Title","중국"
"Title","수출통제"
"Title","협력"
"Title","짙어지는"
"Title","ai"
"Title","해킹"
"Title","위협"
"Title","2024"
"Title","년"
"Title","범죄"
"Title","ai"
"Title","활개"
"Title","사설"
"Title","세계"
"Title","통상마찰"
"Title","새"
"Title","뇌관"
"Title","유럽"
"Title","ai"
"Title","규제"
"Title","구경꾼"
"Title","안된다"
"Title","아날로그의"
"Title","나라"
"Title","일본서"
"Title","법률"
"Title","개정"
"Title","작업에"
"Title","ai"
"Title","활용"
"Title","지금의"
"Title","pr"
"Title","인들은"
"Title","ai"
"Title","보다"
"Title","창의적인가"
"Title","ai"
"Title","선도국"
"Title","위험성"
"Title","인지"
"Title","대처"
"Title","움직임"
"Title","주목"
"Title","정부"
"Title","주도의"
"Title","첫"
"Title","ai"
"Title","규제법"
"Title","eu"
"Title","ai"
"Title","법으로"
"Title","무분별한"
"Title","개발"
"Title","막는다"
"Title","의회"
"Title","조례"
"Title","사실"
"Title","ai"
"Title","만들었다"
"Title","브라질"
"Title","지방의원"
"Title","뒤늦은"
"Title","고백"
"Title","파"
"Title","더페어"
"Title","프리즘"
"Title","법조계도"
"Title","온플법은"
"Title","제"
"Title","2"
"Title","타다금지법"
"Title","네이버"
"Title","ai"
"Title","센터"
"Title","eu"
"Title","ai"
"Title","규제법"
"Title","제정"
"Title","속도"
"Title","생성형"
"Title","ai"
"Title","규제"
"Title","본격화"
"Title","ai"
"Title","윤리"
"Title","논의"
"Title","개점"
"Title","휴업"
"Title","기본법부터"
"Title","ai"
"Title","안면인식"
"Title","등"
"Title","엄격"
"Title","통제"
"Title","eu"
"Title","세계"
"Title","첫"
"Title","규제"
"Title","법안"
"Title","합의"
"Title","선거"
"Title","90"
"Title","일"
"Title","전부터"
"Title","딥페이크"
"Title","선거운동"
"Title","금지"
"Title","국회"
"Title","정개특위"
"Title","관련"
"Title","법안"
"Title","기고"
"Title","ai"
"Title","시대"
"Title","교사"
"Title","디지털"
"Title","역량"
"Title","강화부터"
"Title","전제상"
"Title","공주교대"
"Title","교수"
"Title","단독"
"Title","현대차그룹"
"Title","보스턴다이내믹스"
"Title","ai"
"Title","전문"
"Title","거물"
"Title","로비스트"
"Title","영입"
"Title","세계최초"
"Title","선거운동에"
"Title","생성형"
"Title","ai"
"Title","챗봇"
"Title","애슐리"
"Title","등장"
"Title","세계"
"Title","첫"
"Title","생성형"
"Title","ai"
"Title","규제"
"Title","입법"
"Title","프"
"Title","독"
"Title","돌연"
"Title","반대해"
"Title","표류"
"Title","위기"
"Title","김주하"
"Title","ai"
"Title","앵커가"
"Title","전하는"
"Title","주요뉴스"
"Title","챗"
"Title","gpt"
"Title","필두로"
"Title","진화"
"Title","거듭"
"Title","mz"
"Title","세대"
"Title","사로잡은"
"Title","생성형"
"Title","ai"
"Title","ai"
"Title","신뢰성"
"Title","검증"
"Title","민간이"
"Title","알아서"
"Title","사전적정성"
"Title","검토"
"Title","아직"
"Title","싱가포르"
"Title","국가"
"Title","ai"
"Title","전략"
"Title","수정"
"Title","및"
"Title","정책"
"Title","변화"
"Title","추진"
"Title","nais"
"Title","2.0"
"Title","발표"
"Title","사설"
"Title","국제적"
"Title","ai"
"Title","규제"
"Title","능동적"
"Title","참여로"
"Title","기술"
"Title","선도국"
"Title","되자"
"Title","김진표"
"Title","부수법안"
"Title","셀프지정"
"Title","야당서도"
"Title","시끌"
"Title","딥페이크"
"Title","선거운동"
"Title","금지"
"Title","정개특위"
"Title","통과"
"Title","ai"
"Title","윤석열"
"Title","선거"
"Title","90"
"Title","일"
"Title","전부"
"Title","ai"
"Title","딥페이크"
"Title","선거운동"
"Title","금지법"
"Title","실효성"
"Title","확보가"
"Title","관건"
"Title","사설"
"Title","사설"
"Title","eu"
"Title","ai"
"Title","규제법"
"Title","제정"
"Title","한국도"
"Title","선제"
"Title","대응"
"Title","나서야"
"Title","ai"
"Title","위험과"
"Title","입법"
"Title","위험성"
"Title","막기"
"Title","위한"
"Title","공론화"
"Title","필요"
"Title","각계"
"Title","전문가"
"Title","시민"
"Title","양지민"
"Title","생성형"
"Title","ai"
"Title","저작권"
"Title","침해"
"Title","논란"
"Title","가이드"
"Title","라인이"
"Title","필요하다"
"Title","이슈분석"
"Title","ai"
"Title","규제"
"Title","속도"
"Title","빨라진다"
"Title","eu"
"Title","인공지능법"
"Title","도입"
"Title","합의"
"Title","ai"
"Title","규제법"
"Title","발효"
"Title","앞둔"
"Title","eu"
"Title","hbm"
"Title","수요에"
"Title","미칠"
"Title","영향은"
"Title","소부장반차장"
"Title","현장"
"Title","k"
"Title","콘텐츠"
"Title","보호"
"Title","생성형"
"Title","ai"
"Title","저작권"
"Title","논의"
"Title","유관기관"
"Title","열린"
"Title","포럼"
"Title","ibm"
"Title","제안하는"
"Title","생성형"
"Title","ai"
"Title","비즈니스"
"Title","활용법"
"Title","gpt"
"Title","4"
"Title","eu"
"Title","ai"
"Title","법"
"Title","초강력"
"Title","규제"
"Title","대상에"
"Title","포함"
"Title","2024"
"Title","산업"
"Title","전망"
"Title","포화된"
"Title","통신시장"
"Title","ai"
"Title","기점으로"
"Title","새"
"Title","국면"
"Title","2024"
"Title","산업"
"Title","전망"
"Title","포화된"
"Title","통신시장"
"Title","ai"
"Title","기점으로"
"Title","새"
"Title","국면"
"Title","메타"
"Title","ai"
"Title","에"
"Title","불법"
"Title","복제"
"Title","도서"
"Title","무단사용"
"Title","생성형"
"Title","ai"
"Title","저작권"
"Title","논란"
"Title","재점화되"
"Title","ai"
"Title","시대"
"Title","망사용료"
"Title","분쟁"
"Title","더"
"Title","커진다는데"
"Title","논의는"
"Title","공전"
"Title","유럽"
"Title","기업들"
"Title","ai"
"Title","규제보다"
"Title","지원을"
"Title","eu"
"Title","ai"
"Title","법안"
"Title","우려"
"Title","성명"
"Title","발표"
"Title","빨라지는"
"Title","ai"
"Title","발전에"
"Title","eu"
"Title","세계"
"Title","최초"
"Title","로"
"Title","ai"
"Title","규제"
"Title","법안"
"Title","합의"
"Title","방송협회"
"Title","네이버"
"Title","구글"
"Title","등에"
"Title","협의"
"Title","없이"
"Title","콘텐츠"
"Title","ai"
"Title","학습"
"Title","금지"
"Title","ai"
"Title","이용한"
"Title","전화사기"
"Title","처벌"
"Title","강화"
"Title","추진"
"Title","미국과"
"Title","인공지능"
"Title","ai"
"Title","의료제품"
"Title","가이드"
"Title","마련"
"Title","ai"
"Title","혁신과"
"Title","규제"
"Title","사이"
"Title","접점"
"Title","찾아가는"
"Title","각국들"
"Title","전"
"Title","세계"
"Title","반도체"
"Title","자국"
"Title","우선주의"
"Title","심화"
"Title","k"
"Title","반도체"
"Title","대응"
"Title","방안"
"Title","찾아야"
"Title","eu"
"Title","ai"
"Title","규제"
"Title","법안"
"Title","연내"
"Title","제정"
"Title","가능성"
"Title","먹구름"
"Title","코딧"
"Title","일본"
"Title","스타트업"
"Title","행사서"
"Title","ai"
"Title","기반"
"Title","규제"
"Title","플랫폼"
"Title","소개"
"Title","바이든"
"Title","ai"
"Title","규제법안"
"Title","전격"
"Title","발동"
"Title","ai"
"Title","규제표준"
"Title","주도권"
"Title","경쟁"
"Title","본격화"
"Title","ai"
"Title","활용"
"Title","동의"
"Title","안"
"Title","하면"
"Title","네이버"
"Title","이용"
"Title","불가"
"Title","하이퍼클로바"
"Title","x"
"Title","서비스"
"Title","문제없"
"Title","전북특별자치도"
"Title","출범"
"Title","각종"
"Title","특화사업"
"Title","추진"
"Title","재정권"
"Title","확보"
"Title","과제"
"Title","끝"
"Title","인간"
"Title","ai"
"Title","경쟁하는"
"Title","시대"
"Title","온다"
"Title","범죄악용"
"Title","등"
"Title","부작용에"
"Title","규제마련"
"Title","eu"
"Title","ai"
"Title","규제"
"Title","법안"
"Title","서두른다"
"Title","청룡의"
"Title","해"
"Title","트렌드를"
"Title","알면"
"Title","돈이"
"Title","보인다"
"Title","스페셜리스트"
"Title","뷰"
"Title","aws"
"Title","책임감"
"Title","있는"
"Title","ai"
"Title","추구하는"
"Title","것은"
"Title","수익성과"
"Title","직결"
"Title","aws"
"Title","리인벤트"
"Title","20"
"Title","여야"
"Title","대치"
"Title","속"
"Title","표류하는"
"Title","ai"
"Title","법안"
"Title","세계최초"
"Title","타이틀도"
"Title","뺏길"
"Title","판"
"Title","ai"
"Title","스탠"
"Title","여야"
"Title","대치"
"Title","속"
"Title","표류하는"
"Title","ai"
"Title","법안"
"Title","세계최초"
"Title","타이틀도"
"Title","뺏길"
"Title","판"
"Title","ai"
"Title","스탠"
"Title","영리"
"Title","강화하려는"
"Title","오픈"
"Title","ai"
"Title","인공지능"
"Title","제어"
"Title","기준"
"Title","필요"
"Title","이슈"
"Title","따라잡기"
"Title","박성"
"Title","소위"
"Title","통과하고도"
"Title","7"
"Title","개월째"
"Title","표류하는"
"Title","ai"
"Title","기본법안"
"Title","야"
"Title","소위대안"
"Title","수정해"
"Title","로봇신문"
"Title","선정"
"Title","2023"
"Title","해외"
"Title","10"
"Title","대"
"Title","로봇"
"Title","뉴스"
"Title","여성"
"Title","아동"
"Title","국힘"
"Title","스타트업"
"Title","민주"
"Title","법안"
"Title","마련에"
"Title","팔걷은"
"Title","與"
"Title","野"
"Title","ai"
"Title","이슈"
"Title","2024"
"Title","년"
"Title","글로벌"
"Title","생성"
"Title","ai"
"Title","기업용"
"Title","소프트웨어"
"Title","시장"
"Title","12"
"Title","조"
"Title","9"
"Title","천억원"
"Title","세계"
"Title","최초"
"Title","ai"
"Title","규제법"
"Title","나올까"
"Title","eu"
"Title","내일"
"Title","최종"
"Title","논의"
"Title","두려움"
"Title","없는"
"Title","국가"
"Title","만드는"
"Title","유일한"
"Title","방법은"
"Title","과학"
"Title","기술"
"Title","패권"
"Title","국가"
"Title","로"
"Title","eu"
"Title","정책"
"Title","ai"
"Title","규제"
"Title","풀자"
"Title","ai"
"Title","법"
"Title","놓고"
"Title","eu"
"Title","회원국들"
"Title","간"
"Title","갈등"
"Title","커져"
"Title","드러나는"
"Title","ai"
"Title","실체"
"Title","내"
"Title","운명을"
"Title","알고리즘이"
"Title","좌우"
"Title","소셜"
"Title","코리아"
"Title","이슈분석"
"Title","ai"
"Title","개발"
"Title","고도화"
"Title","하자"
"Title","글로벌"
"Title","인공지능"
"Title","동맹"
"Title","닻"
"Title","올렸다"
"Title","테크단체의"
"Title","경고"
"Title","유럽연합"
"Title","ai"
"Title","기반"
"Title","모델"
"Title","과도한"
"Title","규제"
"Title","말라"
"Title","홍기영"
"Title","kft"
"Title","금융연구소장"
"Title","인공지능"
"Title","ai"
"Title","기회"
"Title","살리고"
"Title","위험"
"Title","막아라"
"Title","신희강의"
"Title","it"
"Title","썰풀이"
"Title","올트먼"
"Title","發"
"Title","ai"
"Title","규제"
"Title","화두"
"Title","韓"
"Title","대응"
"Title","서둘러야"
"Title","생성형"
"Title","ai"
"Title","글로벌"
"Title","규제"
"Title","강화되는데"
"Title","국내"
"Title","가이드라인은"
"Title","과기정통부"
"Title","한국"
"Title","맞춤형"
"Title","규범"
"Title","경쟁력"
"Title","강화와"
"Title","직결"
"Title","표준협회"
"Title","pwc"
"Title","컨설팅"
"Title","ai"
"Title","규제"
"Title","대응과"
"Title","거버넌스"
"Title","수립"
"Title","맞손"
"Title","한"
"Title","장의"
"Title","ai"
"Title","포스터"
"Title","돈"
"Title","찍기"
"Title","속"
"Title","성난"
"Title","민심에"
"Title","기름"
"Title","부었다"
"Title","인공지능"
"Title","규제법안"
"Title","도입은"
"Title","시기상조일까"
"Title","창작자를"
"Title","위한"
"Title","생성형"
"Title","ai"
"Title","사업자"
"Title","편의만"
"Title","맞춘"
"Title","tdm"
"Title","면책"
"Title","조항"
"Title","작가들"
"Title","ai"
"Title","게임"
"Title","고려해야"
"Title","할"
"Title","법과"
"Title","제도는"
"Title","한국은"
"Title","아직"
"Title","생성"
"Title","ai"
"Title","숙제중"
"Title","규제는"
"Title","신중하게"
"Title","ecf"
"Title","23"
"Title","ai"
"Title","규제"
"Title","손잡는"
"Title","국제사회"
"Title","주도권"
"Title","확보에는"
"Title","물밑"
"Title","경쟁"
"Title","단독"
"Title","ai"
"Title","發"
"Title","가짜뉴스"
"Title","선관위"
"Title","칼"
"Title","뺀다"
"Title","기획"
"Title","생성형"
"Title","ai"
"Title","부상과"
"Title","로봇산업의"
"Title","변화"
"Title","한국표준협회"
"Title","ai"
"Title","규제"
"Title","대응"
"Title","및"
"Title","거버넌스"
"Title","수립"
"Title","지원"
"Title","맞손"
"Title","생성"
"Title","ai"
"Title","제값"
"Title","내고"
"Title","뉴스"
"Title","써라"
"Title","ai"
"Title","불지핀"
"Title","저작권"
"Title","논쟁"
"Title","ai"
"Title","규제"
"Title","잰걸음"
"Title","나선"
"Title","유튜브"
"Title","국내"
"Title","ai"
"Title","규제는"
"Title","어디로"
"Title","권기원"
"Title","칼럼"
"Title","ai"
"Title","일상화"
"Title","시대"
"Title","인공지능법안"
"Title","조속"
"Title","처리해야"
"Title","메타"
"Title","ai"
"Title","피해"
"Title","예방"
"Title","조직"
"Title","해체"
"Title","국제적"
"Title","피해예방"
"Title","대책과"
"Title","엇갈린"
"Title","행보"
"Title","ai"
"Title","법"
"Title","디지털환경"
"Title","체계화"
"Title","초석"
"Title","혁신"
"Title","신뢰"
"Title","균형"
"Title","잘"
"Title","잡도록"
"Title","제정"
"Title","ai"
"Title","과방위"
"Title","법안소위"
"Title","전기통신사업법"
"Title","일부개정법률안"
"Title","등"
"Title","16"
"Title","건의"
"Title","법안"
"Title","의결"
"Title","전세계가"
"Title","놀란"
"Title","ai"
"Title","가짜"
"Title","바이든"
"Title","이대로"
"Title","괜찮습니까"
"Title","ai"
"Title","안전"
"Title","정상회의"
"Title","참석한"
"Title","과기부"
"Title","성과는"
"Title","조맹기의"
"Title","언론"
"Title","톺아보기"
"Title","민주당"
"Title","대통령"
"Title","거부권"
"Title","행사한"
"Title","법안"
"Title","재입법"
"Title","과방위"
"Title","법안소위"
"Title","전기통신사업법"
"Title","일부개정법률안"
"Title","등"
"Title","16"
"Title","건"
"Title","법안"
"Title","의결"
"Title","사이언스"
"Title","레드카펫"
"Title","인간의"
"Title","통제를"
"Title","벗어난"
"Title","ai"
"Title","영화"
"Title","시뮬런트"
"Title","ai"
"Title","에"
"Title","자"
"Title","ai"
"Title","만난"
"Title","언택트"
"Title","채용"
"Title","국회"
"Title","토론회"
"Title","성료"
"Title","한국경제"
"Title","tv"
"Title","윤창현"
"Title","윤주경"
"Title","ai"
"Title","만드는"
"Title","가짜"
"Title","세상"
"Title","어찌하오리까"
"Title","ai"
"Title","초래할"
"Title","재앙"
"Title","막자"
"Title","韓"
"Title","eu"
"Title","등"
"Title","28"
"Title","개국"
"Title","첫"
"Title","공동선언"
"Title","지스트"
"Title","부설"
"Title","ai"
"Title","영재고"
"Title","설립"
"Title","근거"
"Title","법안"
"Title","국회"
"Title","상임위"
"Title","문턱"
"Title","넘었다"
"Title","국회도서관"
"Title","초거대"
"Title","ai"
"Title","팩트북"
"Title","발간"
"Title","ai"
"Title","규제"
"Title","미"
"Title","영"
"Title","eu"
"Title","3"
"Title","파전"
"Title","한국"
"Title","글로벌"
"Title","주도권"
"Title","확보"
"Title","나서야"
"Title","ai"
"Title","전쟁"
"Title","기획"
"Title","일자리"
"Title","감소"
"Title","개인정보"
"Title","유출"
"Title","ai"
"Title","부작용"
"Title","대책"
"Title","시급"
"Title","ai"
"Title","만들어낸"
"Title","가짜"
"Title","사진"
"Title","가짜"
"Title","음성"
"Title","식별하고"
"Title","차단할"
"Title","수"
"Title","있을까"
"Title","김의장"
"Title","공교육"
"Title","ai"
"Title","맞춤형"
"Title","교육"
"Title","지원"
"Title","법안"
"Title","발의"
"Title","ai"
"Title","고도화에"
"Title","규제"
"Title","속도내는"
"Title","선도국"
"Title","육성책과"
"Title","균형이"
"Title","관건"
"Title","챗"
"Title","gpt"
"Title","쇼크"
"Title","유발"
"Title","하라리"
"Title","ai"
"Title","로"
"Title","파국적인"
"Title","세계"
"Title","금융위기"
"Title","올"
"Title","수"
"Title","아누팜"
"Title","챈더"
"Title","조지타운대"
"Title","교수"
"Title","ai"
"Title","합리적"
"Title","규제"
"Title","위해"
"Title","국제기구서"
"Title","논의"
"Title","ai"
"Title","오작동"
"Title","대책"
"Title","서둘러야"
"Title","금융보안도"
"Title","중요"
"Title","김진표"
"Title","의장"
"Title","공교육"
"Title","ai"
"Title","맞춤형"
"Title","교육"
"Title","지원"
"Title","법안"
"Title","발의"
"Title","ai"
"Title","고도화에"
"Title","규제"
"Title","속도내는"
"Title","선도국"
"Title","육성책과"
"Title","균형이"
"Title","관건"
"Title","챗"
"Title","gpt"
"Title","쇼크"
"Title","유발"
"Title","하라리"
"Title","ai"
"Title","로"
"Title","파국적인"
"Title","세계"
"Title","금융위기"
"Title","올"
"Title","수"
"Title","아누팜"
"Title","챈더"
"Title","조지타운대"
"Title","교수"
"Title","ai"
"Title","합리적"
"Title","규제"
"Title","위해"
"Title","국제기구서"
"Title","논의"
"Title","ai"
"Title","오작동"
"Title","대책"
"Title","서둘러야"
"Title","금융보안도"
"Title","중요"
"Title","ai"
"Title","콘텐츠에"
"Title","워터마크"
"Title","g7"
"Title","국제"
"Title","규범"
"Title","첫"
"Title","제정"
"Title","딥페이크"
"Title","영상에"
"Title","놀란"
"Title","바이든"
"Title","ai"
"Title","규제"
"Title","戰時"
"Title","수준"
"Title","시급"
"Title","굿모닝"
"Title","주목"
"Title","법안"
"Title","안전"
"Title","신뢰"
"Title","가능한"
"Title","ai"
"Title","인공지능"
"Title","책임"
"Title","규제"
"Title","광주"
"Title","ai"
"Title","영재고"
"Title","근거"
"Title","법안"
"Title","국회"
"Title","상임위"
"Title","통과"
"Title","한국"
"Title","영국과"
"Title","차기"
"Title","ai"
"Title","정상회의"
"Title","공동주최"
"Title","실리콘밸리가"
"Title","장악한"
"Title","ai"
"Title","무력한"
"Title","유럽의"
"Title","슬픈"
"Title","규제"
"Title","과기정통부"
"Title","ai"
"Title","정상회의서"
"Title","다수"
"Title","정책공조"
"Title","약속"
"Title","韓"
"Title","위상"
"Title","재확인"
"Title","안철수"
"Title","ai"
"Title","규제법안"
"Title","발의"
"Title","위험한"
"Title","인공지능"
"Title","정의하고"
"Title","3"
"Title","년마다"
"Title","기본계"
"Title","ai"
"Title","서비스"
"Title","50"
"Title","위권에"
"Title","토종"
"Title","실종"
"Title","반격"
"Title","가능할까"
"Title","탐사보도"
"Title","뉴스프리즘"
"Title","바이든"
"Title","이어"
"Title","sec"
"Title","수장도"
"Title","ai"
"Title","우려"
"Title","ai"
"Title","로"
"Title","흥한"
"Title","증시"
"Title","ai"
"Title","로"
"Title","떨어질"
"Title","수도"
"Title","사설"
"Title","ai"
"Title","규제"
"Title","선도"
"Title","행정명령"
"Title","발표"
"Title","우리도"
"Title","선제대응"
"Title","시급"
"Title","글로벌"
"Title","ai"
"Title","규제"
"Title","움직임"
"Title","속도"
"Title","내년"
"Title","5"
"Title","월"
"Title","韓"
"Title","ai"
"Title","정상회의"
"Title","주목"
"Title","챗"
"Title","gpt"
"Title","쇼크"
"Title","ai"
"Title","한입뉴스"
"Title","요약본"
"Title","학습이"
"Title","비결"
"Title","엠파이어"
"Title","빌딩"
"Title","쓰러트린"
"Title","미니"
"Title","파이"
"Title","달빛철도법"
"Title","군공항"
"Title","이전"
"Title","해"
"Title","넘긴"
"Title","숙제들"
"Title","광주"
"Title","ai"
"Title","영재고"
"Title","근거"
"Title","법안"
"Title","국회"
"Title","상임위"
"Title","통과"
"Title","ai"
"Title","서비스"
"Title","50"
"Title","위권에"
"Title","토종"
"Title","실종"
"Title","반격"
"Title","가능할까"
"Title","탐사보도"
"Title","뉴스프리즘"
"Title","바이든"
"Title","이어"
"Title","sec"
"Title","수장도"
"Title","ai"
"Title","우려"
"Title","ai"
"Title","로"
"Title","흥한"
"Title","증시"
"Title","ai"
"Title","로"
"Title","떨어질"
"Title","수도"
"Title","사설"
"Title","ai"
"Title","규제"
"Title","선도"
"Title","행정명령"
"Title","발표"
"Title","우리도"
"Title","선제대응"
"Title","시급"
"Title","글로벌"
"Title","ai"
"Title","규제"
"Title","움직임"
"Title","속도"
"Title","내년"
"Title","5"
"Title","월"
"Title","韓"
"Title","ai"
"Title","정상회의"
"Title","주목"
"Title","챗"
"Title","gpt"
"Title","쇼크"
"Title","ai"
"Title","한입뉴스"
"Title","요약본"
"Title","학습이"
"Title","비결"
"Title","엠파이어"
"Title","빌딩"
"Title","쓰러트린"
"Title","미니"
"Title","파이"
"Title","달빛철도법"
"Title","군공항"
"Title","이전"
"Title","해"
"Title","넘긴"
"Title","숙제들"
"Title","광주"
"Title","ai"
"Title","영재고"
"Title","근거"
"Title","법안"
"Title","국회"
"Title","상임위"
"Title","통과"
"Title","생성형"
"Title","ai"
"Title","거품론"
"Title","무엇이"
"Title","문제인가"
"Title","테크트렌드"
"Title","ai"
"Title","안전"
"Title","첫"
"Title","정상회의"
"Title","尹"
"Title","정부"
"Title","글로벌"
"Title","논의"
"Title","선도해야"
"Title","사설"
"Title","ai"
"Title","기술"
"Title","악용"
"Title","우려한"
"Title","국제사회"
"Title","국경"
"Title","뛰어넘어"
"Title","협력"
"Title","나서다"
"Title","ai"
"Title","규제법"
"Title","먼저"
"Title","통과시킨"
"Title","유럽"
"Title","中"
"Title","주도"
"Title","ai"
"Title","시장서"
"Title","반격"
"Title","지금"
"Title","ai"
"Title","아기나"
"Title","마찬가지"
"Title","적당한"
"Title","울타리"
"Title","필요"
"Title","2"
"Title","차"
"Title","대전"
"Title","때"
"Title","독일군"
"Title","암호"
"Title","풀던"
"Title","곳에서"
"Title","28"
"Title","개국"
"Title","첫"
"Title","ai"
"Title","공동"
"Title","대응"
"Title","사설"
"Title","ai"
"Title","규제"
"Title","법"
"Title","제정"
"Title","우리도"
"Title","ai"
"Title","법"
"Title","처리"
"Title","서두르자"
"Title","자율규제"
"Title","미국"
"Title","고강도"
"Title","규제"
"Title","eu"
"Title","한국이"
"Title","취할"
"Title","전략은"
"Title","필요악"
"Title","ai"
"Title","규제"
"Title","미국"
"Title","선도"
"Title","속"
"Title","국내"
"Title","규제"
"Title","법제화"
"Title","가속"
"Title","예고"
"Title","창간"
"Title","38"
"Title","주년"
"Title","특별기획"
"Title","생성형"
"Title","ai"
"Title","가져온"
"Title","변화"
"Title","미래"
"Title","한국형"
"Title","챗"
"Title","gpt"
"Title","나오는데"
"Title","ai"
"Title","개념규정"
"Title","법안도"
"Title","못만든"
"Title","국회"
"Title","ai"
"Title","로"
"Title","핵무기"
"Title","등"
"Title","개발"
"Title","차단"
"Title","안전평가"
"Title","정부에"
"Title","보고"
"Title","의무화"
"Title","민간"
"Title","ai"
"Title","신뢰성"
"Title","검"
"Title","인증"
"Title","본격"
"Title","시행"
"Title","베터"
"Title","소프트웨어"
"Title","테스팅"
"Title","콘퍼런스"
"Title","2023"
"Title","테스팅과"
"Title","ai"
"Title","결합해"
"Title","sw"
"Title","품질"
"Title","높"
"Title","tta"
"Title","민간자율"
"Title","ai"
"Title","검인증"
"Title","제도"
"Title","도입"
"Title","ai"
"Title","신뢰성"
"Title","향상"
"Title","광주"
"Title","대구"
"Title","달빛철도건설"
"Title","특별법"
"Title","연내"
"Title","제정"
"Title","무산"
"Title","바이든"
"Title","ai"
"Title","위험"
"Title","예방"
"Title","행정명령에"
"Title","서명"
"Title","안전실험"
"Title","결과"
"Title","보고해야"
"Title","바이든"
"Title","안보"
"Title","차원"
"Title","ai"
"Title","규제"
"Title","행정명령"
"Title","서명"
"Title","ai"
"Title","패권"
"Title","다툼"
"Title","본격화"
"Title","ai"
"Title","행동강령"
"Title","만든"
"Title","g7"
"Title","기업이"
"Title","부작용"
"Title","책임져라"
"Title","압박"
"Title","투데이"
"Title","窓"
"Title","생성형"
"Title","ai"
"Title","규제의"
"Title","방향"
"Title","미"
"Title","csis"
"Title","선임고문"
"Title","미"
"Title","eu"
"Title","ai"
"Title","규제"
"Title","입장"
"Title","달라"
"Title","무역마찰"
"Title","소지"
"Title","굿모닝"
"Title","주목"
"Title","법안"
"Title","ai"
"Title","채용"
"Title","시대"
"Title","문제"
"Title","줄이는"
"Title","ai"
"Title","채용절차"
"Title","공정화"
"Title","여성"
"Title","나체"
"Title","9"
"Title","초"
"Title","만에"
"Title","뚝딱"
"Title","포르노"
"Title","제작"
"Title","장벽"
"Title","없앤"
"Title","생성형"
"Title","ai"
"Title","여성"
"Title","나체"
"Title","9"
"Title","초"
"Title","만에"
"Title","뚝딱"
"Title","포르노"
"Title","제작"
"Title","장벽"
"Title","없앤"
"Title","생성형"
"Title","ai"
"Title","상원"
"Title","中"
"Title","기술기업"
"Title","투자시"
"Title","신고"
"Title","의무화"
"Title","법안"
"Title","승인"
"Title","반도체"
"Title","ai"
"Title","양자"
"Title","it"
"Title","돋보기"
"Title","ai"
"Title","기본법"
"Title","우선허용"
"Title","사후규제"
"Title","원칙"
"Title","빠질"
"Title","듯"
"Title","국회"
"Title","처리"
"Title","청"
"Title","이루다"
"Title","성차별"
"Title","학습"
"Title","잊었나"
"Title","ai"
"Title","법안에"
"Title","성평등"
"Title","관점"
"Title","국감"
"Title","소환된"
"Title","ai"
"Title","이슈"
"Title","예산삭감"
"Title","저작권"
"Title","보호"
"Title","질의"
"Title","ai"
"Title","정책"
"Title","논의는"
"Title","실종"
"Title","정치판"
"Title","흔드는"
"Title","ai"
"Title","딥페이크"
"Title","총선"
"Title","앞두고"
"Title","비상"
"Title","ai"
"Title","혁명"
"Title","종주국"
"Title","ai"
"Title","규제"
"Title","속도"
"Title","기술"
"Title","패권"
"Title","유지가"
"Title","최우선"
"Title","가리사니"
"Title","어느"
"Title","ai"
"Title","개발자와의"
"Title","대화"
"Title","이란"
"Title","히잡"
"Title","미착용"
"Title","ai"
"Title","감시"
"Title","처벌강화"
"Title","법안"
"Title","추진"
"Title","세계"
"Title","첫"
"Title","ai"
"Title","정상회의"
"Title","올트먼"
"Title","나델라"
"Title","온다"
"Title","세계"
"Title","첫"
"Title","ai"
"Title","정상회의"
"Title","올트먼"
"Title","나델라"
"Title","온다"
"Title","에이아이옥션"
"Title","환각"
"Title","없는"
"Title","ai"
"Title","k"
"Title","엔진"
"Title","공개"
"Title","세무"
"Title","임대차보호"
"Title","분야"
"Title","칼럼"
"Title","chatgpt"
"Title","시대의"
"Title","도전"
"Title","ai"
"Title","편향성"
"Title","문제의"
"Title","심각성과"
"Title","그에"
"Title","대한"
"Title","대응"
"Title","외교부"
"Title","법안"
"Title","분석"
"Title","ai"
"Title","전문"
"Title","기업과"
"Title","만나"
"Title","외교"
"Title","업무"
"Title","수행의"
"Title","새"
"Title","지평을"
"Title","열"
"Title","외교부"
"Title","ai"
"Title","피스컬노트와"
"Title","주요국"
"Title","법안분석"
"Title","업무협약"
"Title","체결"
"Title","열흘"
"Title","걸릴"
"Title","일"
"Title","1"
"Title","분"
"Title","만에"
"Title","ai"
"Title","이커머스"
"Title","혁신"
"Title","불렀다"
"Title","인공지능"
"Title","줌인"
"Title","퓰리처"
"Title","상"
"Title","수상의"
"Title","오펜하이머"
"Title","전기"
"Title","작가"
"Title","핵무기는"
"Title","인"
"Title","eu"
"Title","ai"
"Title","법"
"Title","r"
"Title","d"
"Title","경쟁"
"Title","억제할"
"Title","수"
"Title","있어"
"Title","미"
"Title","국무부"
"Title","내부"
"Title","분석"
"Title","ai"
"Title","통제하자는데"
"Title","따로"
"Title","노는"
"Title","전세계"
"Title","ai"
"Title","일자리"
"Title","공포"
"Title","보단"
"Title","기회"
"Title","ai"
"Title","대학"
"Title","설립으로"
"Title","인재"
"Title","양성해야"
"Title","ai"
"Title","통제하자는데"
"Title","따로"
"Title","노는"
"Title","전세계"
"Title","ai"
"Title","일자리"
"Title","공포"
"Title","보단"
"Title","기회"
"Title","ai"
"Title","대학"
"Title","설립으로"
"Title","인재"
"Title","양성해야"
"Title","내년"
"Title","초"
"Title","중"
"Title","고"
"Title","디지털"
"Title","교육"
"Title","5333"
"Title","억"
"Title","3"
"Title","년간"
"Title","교부금"
"Title","0.8"
"Title","배정"
"Title","이란"
"Title","히잡"
"Title","미착용"
"Title","여성"
"Title","ai"
"Title","감시"
"Title","및"
"Title","처벌강화"
"Title","법안"
"Title","추진"
"Title","이진호의"
"Title","시선"
"Title","발전하는"
"Title","ai"
"Title","이제는"
"Title","진짜"
"Title","룰"
"Title","논의해야"
"Title","할"
"Title","때"
"Title","안철수"
"Title","고위험"
"Title","인공지능"
"Title","규제법안"
"Title","발의"
"Title","ai"
"Title","책임"
"Title","강조"
"Title","외교부"
"Title","법안분석"
"Title","ai"
"Title","기업과"
"Title","업무협약"
"Title","하정우"
"Title","네이버"
"Title","ai"
"Title","센터장"
"Title","기술"
"Title","규제"
"Title","아닌"
"Title","활용"
"Title","규범"
"Title","논의해야"
"Title","외교부"
"Title","법안분석"
"Title","ai"
"Title","기업"
"Title","피스컬노트"
"Title","mou"
"Title","주요국"
"Title","규제"
"Title","파악"
"Title","ai"
"Title","목소리"
"Title","시연하려"
"Title","국감장에"
"Title","유인촌"
"Title","장관"
"Title","목소리로"
"Title","서른즈음"
"Title","노래"
