"title","description","comments"
"EU, &#39;AI 규제 법안&#39;에 세계 최초로 합의 / SBS 8뉴스","유럽연합(EU)이 세계 최초로 인공지능, 즉 AI 기술 규제 법안에 합의했습니다. 타결안에는 정치·종교적 신념과 성적 지향, 인종과 같은 ...","AI시대 무섭다… | Ai 는 무조건 규제해야함 | What does the EU have to do with your little Korea? | 기술이 좋아지는 만큼 언제나 초기에는 악용되는 일이 많기에 반드시 규제는 필요함 | 유럽은 위선떠느라 알아서 산업 망해주네 ㅇㅇ"
"&quot;챗GPT, 이 법안 어때?&quot;…국회에도 부는 &#39;AI 바람&#39; 괜찮을까 / JTBC 뉴스룸","대화형 인공지능 '챗GPT' 열풍이 여의도 국회에도 불고 있습니다. 여야 입장이 갈리는 법안에 대해 어떻게 생각하는지 묻는가 하면, ...","찬성~~ | 음... 아직까지는...<br>Chat gpt야 이거 어때? 이러면 chat gpt가<br><br>이건 이렇습니다. 라고 하는것을 검색엔진보다는 좀 더 동료스럽게 도움을 주긴하지만 최종결정은 의원님들께서 하시니까 아직까지는 괜찮을것 같아요.<br><br>음... 키오스크나 고속도로 하이패스처럼 직원들이 할일을 아예 대신한다라는 논리보다는 의원님들이 정책과 법안을 만들고 <br>입법활동을 하시는데 좀 더 구체화 된 자료를<br>빠른시간안에 의원님들에게 전달이 되니까 <br><br>더 국민들을 위해서 더 많은일을 해주실수 있지 않나 전 그렇게 생각했어요~ | 쥴리 꼬붕들만 판치는  법조계 판에  차라리  인공지능이 있는게 낫지. <br>밥값만 축내면서   법으로 장난질 치는  폐급 말종들은  죄다 속아 버리는 게  대한민국의 미래를 위해서도 <br>좋은 일임. <br>국회의원들도  매월  발의 된 법안들  5개씩 절대값으로 해결 못하면  월급 주지 말아야 함. <br>처리 조차 안되고 계류중인 법안이 수천개는 될텐데   저딴  노망자들  월급주려고 내는 세금이 <br>ㅈㄹ 아깝다. | 국회의원 다 짜르고 chat GPT가 법 재정하는게 더 나을듯 | 판사 검사 다. 쓸데. 없다.  앞으로 GPT한태 물어봐"
"법조계 침투하는 AI…‘변호사법’ 위반 논란도 [9시 뉴스] / KBS  2023.06.18.","최근 법조계에도 인공지능 서비스가 도입되기 시작했습니다. 아직 초기 단계지만 AI가 법 조항과 판례 등을 학습하고 도움을 주는데요.","적극 권장하자. | 위법이 아니라 빅데이터로 팩트만 판결내리는데<br>사법부는 돈으로 주관적인 판단내리더라 | 위헌은개뿔<br>당장도입해라 | 근데 변호를 해주는게 아니자너...? | 당연히 필요하지. 기분따라 입맛따라 판결을 내리는 개판사들은 이제 필요없다."
"EU &#39;AI 규제&#39; 마지막 관문만 남았다...美 &#39;AI 규제&#39; 법안 발의 / YTN","[앵커] 세계적으로 인공지능 AI 열풍이 불고 있지만 부작용을 걱정하는 목소리도 커지면서 이를 규제하기 위한 국제사회의 움직임이 ...","국가나 정부나 공권력의 AI를 규제않으면 밑빠져 소용없어 서구는 중국의 디지털전체주의비판자격없음.<br>서구여론이 나서 AICCTV등 AI방범을 CCTV녹음불법처럼 안다스리묀 중국여론과 똑같을 것. | 저게 도대체 어떤 부작용을 주길래 저럴까. 스스로 퇴보를 답습하는건 기독교믿는 백인들의 종족적 특성. | &lt;챗지피티가 말했다&gt; 참고해 볼만한 인문학 책. <br>우리의 삶과 얼마나 밀접한지 알게 된다는...<br>인문학적 논의와 토론이 절대적으로 시작되야<br>우리도 토론하고 법안 만들고 | 그래서 ai기업들이 호구 한국 빙문해서 지유롭게 개발하려 오나봄 ㅡㅡㅋㅋ 우린 또 호구 잡히겠네 | ★AI를 막고 제재할 방법을 찾는 근본적인 이유는?~ 인류의 정신과 마음이 병들어 있기 때문이다. 왜?~ 인간들이 무슨 짓을 할지 모르기 때문!... AI를 제재할 방법을 찾아서 법안으로 만들 생각을 하지 말고~ 인간들의 정신과 마음을 건강하게 만들 방안을 연구해서 법안을 만들어야 할 것입니다. 지구를 계속 병들게 만들고, 화성에 가서 살 생각만 하고 있는 인간들!<br>왜? 이러는 걸까요?... .  .  .<br>모든 인간들이 올바른 생각과 마음을 가지고 진정 사람다운 사람으로 살아갈수 있게끔 가르쳐서 길러내는 진정한 교육만이 이 세상의 모든 문제들을 풀어나갈수 있는 열쇠입니다<br> ★초야의 안내자 다행철이★"
"안철수의 AI 법안!","shorts #AI #법 출처 : 최경영의 최강시사 230809 방송 링크 : https://youtu.be/BJAffiH4HQ8.","이런 법안을 내는 정치인이 안철수님 말고 누가 있겠냐구 ㅠㅠ | ai 법안에 대해  국회에서 이런 일을 할분은 안철수의원 뿐이다. 안철수의원님 든든합니다. | 왜 이런자를 대통령으로 못 만드는거야 이건국민이나 나라가 퇴보하는것이다 윤 도리깡땜에 5년을 낭비하다니 | 베스트  안철수 .. 이런  사람을  안뽑고 .. 재명이  석렬이지지자들  니들이  3류정치  주역이다 | 치고 입니다"
"EU, 세계 최초로 AI 규제법 합의…어기면 벌금 ‘500억’ / KBS  2023.12.09.","유럽연합이 세계 최초로 인공지능, AI를 규제하는 법안에 합의했습니다. 세부 조항을 다듬고 실제 실행하기까지는 시간이 걸릴 전망 ...","과연 이 규제가 AI 발전에 악영향일지 긍정적인 영향일지......<br>이러한 규제가 있다고 해도 과연 AI의 발전을 인간이 규제하는게 가능할지...... | 댓글들 쓰기전에 저게 무슨 법인지 조금이라도 찾아보지도 않고 그냥 댓글들 쓰시나요.. 뉴스도 좀 사람들 수준에 맞춰서 설명을 해줘야지, 그냥 인공지능 법이라고 말하면 사람들은 로봇을 생각하지 ㅋㅋ 인공지능은 로봇이 아니라요, 여기 유튜브의 추천 알고리즘같은 알고리즘을 말하는거에요.. 지금 우리나라만 봐도 정치적으로 성별로 나뉘어지는 것들도 유튜브의 영향이 크다고 생각하는데, GDPR이 도입되고서도 한~~~참 있다가 정보보안법을 도입해놓고도, 데이터 유출에 대해 심각하게 보지 않는 나라인데, 좀 인식이 정착되려면 또 10년 20년 걸리겠죠 ㅎㅎ..  뭐 이미 문제들 해결하기에는 한참 늦은 것 같고, 유튜브만큼 정치인들이 개돼지들 가지고 놀기 쉬운 곳이 없으니 ㅋㅋ 개인적으로 굉장히 중요한 법이라고 생각함. 유럽에서 빅데이터 공부하는 학생 지나감. | 인간 형상을 하는 AI 를 규제하는 법안은 왜 없는가? 사람을 속이고AI로봇이 사람인냥 행동할수있는 시대인데. 어기는 국가가 있으면 해당 국가GDP의 30%를 벌금으로 내는 UN법안을 만들어야 하는덷 | 중국이 좋아할 기사네요<br>아무리 우리끼리 규제해 봤자 중국은 뒤에서 할거 다함 | 유럽은 또 미국에 뒤쳐지겠네 ㅋㅋ"
"잇따르는 경고‥&#39;AI 규제&#39; 외치는 AI기업 (2023.05.29/뉴스데스크/MBC)","인공지능 기술이 빠른 속도로 일상 깊이 들어오고 있는 만큼 그 위험에 대한 경고음도 커지고 있습니다. AI 기술로 돈을 버는 기업들이 ...","제발 그만 개발했으면 | MBC 체널Tv 통합 구독지원 추천 🌐 🔵 🎀  구글사랑 네이버기록 보전홍보 | 왜 우리 인류는 스스로 파멸의길로 가려하는가….. | 인공지능은 사람을 뛰어넘을수없다.<br>자신을 깨우친사람에게는<br>인공지능은 마음이없다 철저한<br>팩트만 공략할뿐<br>올바른 인공지능은 마음을 넣어주어라<br>착한마음만 올바른마음만 입력시키고<br>그한해서 올바른일에만 생각할수있게<br>개발하면 세상은 한번더 발전하겠지<br>올바른일로 😊인공지능에 지식말고<br>마음을 넣는법을 올바른마음을넣는법<br>올바른일에만 지식을 찾을수있게<br>규제하고 올바른 마음을 못넣은<br>Ai는 폐기하고 상용화 안하면되는것<br>Ai규제는 마음이없는것이 문제<br>그렇다면 올바른마음을 입력 시키는게일. 올바르지않는ai는<br>딱 사무용으로만 쓸정도만개발후<br>진정한지구를위한ai는 올바른마음이<br>입력된ai😊그럼 앞으로의 미래는<br>엄청난미래가될수도 | 그냥 금지시켜"
"📢유럽연합(EU), 세계 최초로 AI 기술 규제 법안에 합의!","유럽연합(EU), 세계 최초로 AI 기술 규제 법안에 합의! #미국 #증시 #주식 #이유TV #다우존스 #나스닥 #에스앤피500 #EU #AI #기술 ...",""
"[자막뉴스] &#39;소름 쫙&#39; AI에 대해 질문했더니...로봇의 섬뜩한 답변 / YTN","큰 눈을 깜박이고 푸른 눈동자를 좌우로 굴리고, 고개를 가볍게 좌우로 돌리며 무엇인가를 관찰하는 듯한 표정. 영락없는 사람의 모습 ...","결국 인간시대의 끝이 도래했구나ㅋㅋㅋ | 무섭다!<a href=""UCkszU2WH9gy1mb0dV-11UJg/hcMfY5_zAbbxvwKLooCoCA""></a> | YTN이라 그런가? 왜케 옛날 뉴스같냐 | 진짜 인간이 지배당하면 끝이라봐야지 | AI가 사람처럼 감정을 표현하는 표정을 짓는 게 신기합니다… 게다가 중간에 나오는 인공지능의 개발에 대하여 질문했을 때 눈을 찌푸리면서 AI의 위험성에 대하여 얘기하는 게 참 무서웠습니다. 저도 늘 경각심을 가지면서 AI 개발에 임해야겠습니다."
"[D뉴스] 만장일치로 통과된 법안, AI 작품이었다…&quot;단 15초 걸려&quot;","지난달 23일 브라질에서 시행된 한 조례안이 화제입니다. 수도 계량기 비용 청구와 관련한 이 조례안은 정부가 도난당한 계량기에 ...",""
"한번 삶은 황제성? 충스미스 - Unholy #shorts","중부내륙특별법 홍보영상 ▷매주 (화) 저녁 6시 공개 #samsmith #unholy #홍보맨.","ㅋㅋㅋㅋㅋㅋㅋㅋㅋㅋ어이가읎네옄ㅋㅋㅋㅋㅋㅋㅋ | 아씨발내눈 | 왜 내가 수치스럽지.... | . | 아니이게무슨일이래요.."
"법안 통과 AI가 예측할 수 있다고?","법률 #AI #아이호퍼 #법원 내레이션: 타입캐스트 IT동아 http://it.donga.com 게임동아 http://game.donga.com IT동아 네이버포스트 ...",""
"[美마감 브리핑] 메가이슈 : AI 규제 법안 채택...칼날은 &#39;MSFT·오픈AI&#39;로 &#39;반독점 타깃&#39; 되다 / 머니투데이방송 (증시, 증권)","12/11 굿모닝 6:00 글로벌 뉴욕증시, 연착륙 기대에 일제히 상승 MSFT, 오픈AI 지분 투자 관련 반독점 조사 착수 테슬라, 11월 중국 내 ...","❤❤❤❤❤❤❤"
"PPT 이렇게 만들면 돼요~ #니가만들면되겠네요","","<a href=""https://bit.ly/4eJWMdw"">https://bit.ly/4eJWMdw</a><br><br>안녕하세요, 미스터 피피티입니다 :)<br>피피티 시간과 디자인 고민을 줄이기 위해서 꾸준히 콘텐츠 제작을 하고 있으니 링크 통해서 좋은 정보 얻어가세요 ^_^ | 이거 맘만 먹으면 초딩조 가능 | 저도 발표 준비로 인해 만들기도 어렵고 힘들어서 막막했거든요.<br>그래서 항상 그것 땜에 잠도 편히 못자 예민했는데 영양제로 멜라티움  챙겨가며 복용했더니 편안하게 잠 푹잤네요 | 현재 디자인쪽으로 진로를 고민하는 고1 학생입니다<br>볼때마다 대단하다고 느낍니다… 저도 언젠가는 미스터 피피티님 처럼 디자인 할 수 있었으면 좋겠네요 항상 응원 합니다! | 아...설명좀 햐주지 ㅜㅜ 뭘 눌러야할지모르겟음 ㅜ"
"간호법 1분 정리 / 채널A #shorts","간호법 #간호사 #의사 #간호조무사 #국회통과 #대통령거부권 #의료법 #채널A #뉴스A ○ 기사 보기 ▷채널A뉴스 구독 ...","양아치냐. 지가 거부해놓고 | 환자한테 도움되는 방향으로 가야할거같아요 간호사도 개원가능하게 하는건 아닌거같..아요 | 저러니 사무장 병원이 판을 치지  어짜피 지역병원들은 의사가 일 안하고 간호사가 의사 이름으로 처방이고 진료의뢰서건 소견서건 간호사가 다쓰는데 이미 알사람은 다 알지 않음? | 노인요양시설 복지시설 피부클리닉 개원가능 | 의사들 덕분에 간호법 제정 되었네"
"안철수 &quot;AI법안 발의&quot; (2)","안철수 ""AI법안 발의"" (2) * 출처 최경영의 최강시사 (2023.08.09 방송) https://youtu.be/BJAffiH4HQ8 #안철수 #국민의힘 #국회의원 ...","안철수 &quot;AI법안 발의&quot; (1)<br><a href=""https://www.youtube.com/shorts/IVKzw_LQ98M"">https://youtube.com/shorts/IVKzw_LQ98M</a><br>안철수 &quot;AI법안 발의&quot; (2)<br><a href=""https://www.youtube.com/shorts/ORGAVVTbOPg"">https://youtube.com/shorts/ORGAVVTbOPg</a> | 안철수를 지지하는 여러가지 이유중 하나가 국가에 꼭 필요한 이런 사안을 위해 일해서 이다 | 정치혜안을 모든 분야에서 갖고계신 안철수의원님이 있어서 든든하고 넘 좋네요.<br>부지런하시고 똑똑하시고 선하신 안철수님 나라를 위해서 애써주심에 늘 감사드려요~😂😂😂 | 안철수 제일 좋아하는 정치인에서. 지금은 제일 싫어하는 정치인. 당신 한번에. 선택 때문에. 얼마나 많은 국민들이. 고통 받는지 생각해 보세요. 지금은 저사람 목소리만 들어도 치가 떨림 | 과학자어울리심🎉🎉"
"유럽연합 인공지능법안① 2021 집행위원회안 | 자료같이읽어요★인공지능과 정보인권 세미나","자료같이읽어요 | 인공지능과 정보인권 세미나 by 정보인권연구소X진보네트워크센터XAPC 유럽연합 인공지능법안① 2021. 4.",""
"드론·로봇도 택배 운송에 활용, 법안 국회 통과 #shorts","드론과 로봇도 택배에 활용할 수 있도록 하는 내용의 생활물류서비스법 개정안이 국회 본회의를 통과했습니다. #드론 #로봇 #택배 ...",""
"안철수 &quot;AI법안 발의&quot; (1)","안철수 ""AI법안 발의"" (1) * 출처 최경영의 최강시사 (2023.08.09 방송) https://youtu.be/BJAffiH4HQ8 #안철수 #국민의힘 #국회의원 ...","안철수 &quot;AI법안 발의&quot; (1)<br><a href=""https://www.youtube.com/shorts/IVKzw_LQ98M"">https://youtube.com/shorts/IVKzw_LQ98M</a><br>안철수 &quot;AI법안 발의&quot; (2)<br><a href=""https://www.youtube.com/shorts/ORGAVVTbOPg"">https://youtube.com/shorts/ORGAVVTbOPg</a> | 클라스가 다른 정치인 안철수의원님 존경하고 지지합니다 | 안철수는 도덕성과 청렴성을 겸비한 천재형 지도자 대한민국에 안철수라는 정치인이 있다는게 너무 자랑스럽습니다 | 좋은 법안이네. | 딸딸이 치는 소리를 하네"
"&quot;발생 가능한 윤리적 문제는?&quot;...AI 윤리 국가표준 첫 제정 / YTN","[앵커] 챗GPT 같은 생성형 인공지능의 열풍은 기술발전에 대한 기대와 동시에 윤리적인 문제에 대한 고민도 안겨주고 있습니다. AI ...","😊😊 | 친일파들 - 가정파괴범 - 피해자에 대한 재범을 공언하는 범죄자의 인권은 보호할 필요는 없겠지.<br>다른 것들은 전문가들이 여론수렴 과정을 거쳐 결정해야겠지만"
"프랑스 하원, 연금개혁법안 심의 시작...마크롱, 연금개혁 이번엔 성공? #shorts  ㅣ 선재규 선임기자 ㅣ 워싱토니 외쿡뉴스 ㅣ 0208 굿모닝인포맥스","자세한 내용은 굿모닝인포맥스 라이브 스트리밍에서 확인하세요! https://youtube.com/live/Wn3Lq2XHENM?feature=share #주식 ...",""
"&quot;발의 법안 70% 계류&quot;...민생·안전 외면한 국회 / YTN","여야, 지난 대선 때 '스토킹처벌법' 보완 약속 스토킹처벌법 개정안 공방에 묻혀…법사위 계류 여야 139명, '정인이 사건' 진상조사 법안 ...","1년이 지났지만 나아진게 없음<br>경제는 매일 최악을 치닫고 있음. | 180석 머했냐 ㅋㅋㅋㅋㅋ<br>또 2024년 180석 암담하다 ㅋㅋㅋㅋㅋ | 20대로서 이런 정치권밑에서 살아야한다는게 한탄스럽다..여야를떠나 자기기득권을 지키려는 이들이 <br>이나라를 대표하는 국회의원이라니.. | 당쟁하느라정신없는데법안이문제인가?~^^ | 솔직히 방법이 없다. <br>정당정치제도 자체가 후진국형 정치임은 조선시대 붕당정치로 이미 증명된것.<br>그곳에 민의도 정의도 없다. 오직 권력을 향한 투쟁과 암투만 있을뿐.<br>왕권이 강력하던 조선초기엔 없었다가 왕권이 약화된 중기에 발원하여 나라를 말아먹기 시작했지..<br>딱..지금이 선조 시대를 보는것 같다. <br>전쟁을 일으키려는 일본 대신 북한이 존재하고 기축옥사의 정여립은 이재명? 정도 되려나..<br>남인과 서인은..뭐..<br>무튼.. 국가의 안보가 무너지고 정쟁만 일삼는 지금 정치권의 모습이 너무 닮아서 . 역사는 돌고 돈다고 했던가.."
"젊은 하원의원, AI센터 창립법안  ‘챗 GPT 작성 연설문 읽어’","Kmedicaltours.com 한국병원 검진 진료 예약 koreatravelsim.com 한국 심카드 Kshopinusa.com 한국 오픈마켓 웹사이트 USKN은 ...",""
"세계 최초로 채택된 유럽연합의 AI 규제 법안인 ‘유럽연합 AI법’","신한대학교 신종우 교수입니다. ""4차 산업혁명 시대, 인공지능과 에듀테크 기반의 스마트 교수법을 K에듀미래융합교육원을 통해 한국 ...",""
"미국 의회, AI에 관한 두 가지 법안 검토 #Shorts","https://www.reuters.com/technology/us-congress-consider-two-new-bills-artificial-intelligence-2023-06-08/?taid= ...",""
"안철수의원, AI관련법안 준비중","안철수의원, AI관련법안 준비중 *출처 전영신의 아침저널 https://youtu.be/l3os3hf8-vk #안철수 #국민의힘 #국회의원 #AI법안 #AI관련 ...","참 정치인 이십니다 | 안철수 의원님 우리나라 4차산업 강국으로 만들어줄 유일한 정치인이시죠 😊 차기 대통령은 안철수 !! | 찰쓰야~~ 너때문에 지금 죽을거 같아~~ 그냥 니가 윤모지리랑 같이 퐁당하면 안되겠니?? AI는 개뿔.. | 철수야 쓰잘데없는 개소리 지껄이지말고손구락이나 짤라라"
"유럽 CRMA 법안, 국내 2차전지 산업에 미칠 영향 | 경주마 #shorts","대한민국의 경제를 보세요! △빠르고 정확한 경제·증권 뉴스와 파트너스들의 분석진단을 24시간 전해드립니다. △구독좋아요 그리고 ...","내용이 궁금하다면<br><a href=""https://www.youtube.com/watch?v=tLYmO1mCILI"">https://youtu.be/tLYmO1mCILI</a> | 이것땜에 하락한게아니고 외개관들의 압색사전정보로 공매패대기로 ~~"
"#Shorts / &quot;배상 지급되면 논란 가라앉을 것&quot; 일본 측 우려 안심시킨 윤 대통령 (2023.03.15/뉴스데스크/MBC)","""배상 지급되면 논란 가라앉을 것"" 일본 측 우려 안심시킨 윤 대통령 (2023.03.15/뉴스데스크/MBC) / #Shorts #MBC #뉴스데스크 ...","돌 | 오므라이스집에서 혈서쓰고온듯<br>일본에 나라를 넘기겠네 | 독도는 절대로 주지 않았어. 근데 다케시만가 뭔가하는 섬 달라길래 줬어.. | 대통령에 외국인이 너무 많아 | 윤나카무라 너의나라인 인본에서 돌아오지 말아라"
"[자막뉴스] 입대한 제가 죄인인가요?...20대 남성 분노한 법안 / YTN","무소속 양정숙 의원은 병역 판정에서 4급을 받고 공공기관 등에서 근무하는 사회복무요원, 이른바 '공익'의 일탈 행위를 규제하기 위한 ...","양뭐시기? 이름도 없는게 똥싸네 | 남자든 여자든 군인이든 공익이든 민간인이든 상관없다. 다만 만약 남성이 비교적 체력이 낮은 여성을 배려해줬다면 여성도 강제로 조국에 헌신당하는 남성들의 입장도 생각해주라는 거다. | 차라리… 차아아아아라리… 출석안한 횟수만큼 +1일 내지 +2일 하는거면 그나마 괜찮겠는데… 대학교도 출석일수 채우려면 방학에 추가수업 시키잖아… | 국회의원이  무뇌 법안 제출 하면  여자라도 군대 식당에서 복무하기  ㅋ | 이스라엘은 양성평등 의무병역제도"
"[마켓맨] AI 규제 법안 채택...칼날은 &#39;MSFT·오픈AI&#39;로 &#39;반독점 타깃&#39; 되다 / 머니투데이방송 (증시, 증권)","12/11 굿모닝 6:00 글로벌 ▷이번주 FOMC 어떨까…증시 영향은? 고용보고서 기대 이상, 시장 견고·인플레 하강 선물시장, 내년 최소 ...",""
"여야 &quot;전세사기 대책 법안 27일 처리&quot; (2023.04.21/뉴스외전/MBC)","여당과 야 3당 정책위의장이 오늘 오전 국회에서 만나, 전세사기 피해 대책 관련 법안을 오는 27일 본회의에서 통과시키기로 합의 ...","정부와 국회의원들은 법을 허술하게 만들어놓고 오로지 서민들에게만 피해가 가는 구조가 되도록 일안하고 많은월급 받은 돈 토해내시기 바랍니다 | 사기맞은건 안타깝지만 그걸 또 모두 국민세금으로 하자고 하는건 억지 아닌가? 이태원때부터 너무 떼법쓰고 안 들어주면 정부 욕만 하는 것 같다 | 정부가 피해자들 소유의 주택을 헐값에 LH가 매입한다는 것은 도둑질입니다. 또한 피해자들을 도둑질한 집에 임대로 살라거나 돈있으면 추가로 돈을 들여 사라는게 말입 됩니까! | 난 월세  40년 살았다...전세자는  나보다  훨 좋은 것 아난가 ?<br>그런데  국민 혈세로 보상한다고  ? | 4년전 전세피해를 받았는데 왜 1인가구, 저소득층만 지원해주죠? 가족을 부양하는 유주택자라고 왜 지원을 못받는거죠? 콜센터라고 만들어놓고 담당부서도 없다고 하는데 도대체 뭘 지원한다는 건지? 피같이 번돈 전세금 못 받을 때 정신적 물리적 고통을 알기나 하는지? 계속지출되는 대출이자가 수년째 발생되는데 왜 유주택자도 엄연한 피해자인데 지원을 못 받는건지"
"국립 의학전문대학원 기사회생하나?..&quot;중점 법안 분류&quot; (2023.11.23/뉴스데스크/전주MBC)","지역사 채널의 동영상 링크(https://youtu.be/Y2nC12V24OY) #국립의학전문대 #법안 #전주MBC c MBC&iMBC 무단 전재, 재배포 및 ...",""
"유럽연합 인공지능법안② 쟁점과 의견 feat.유럽의회 | 자료같이읽어요★인공지능과 정보인권 세미나","자료같이읽어요 | 인공지능과 정보인권 세미나 by 정보인권연구소X진보네트워크센터XAPC 유럽연합 인공지능법안② 쟁점과 의견 ...",""
"&quot;발의 법안 70% 계류&quot;...민생·안전 외면한 국회 / YTN","여야, 지난 대선 때 '스토킹처벌법' 보완 약속 스토킹처벌법 개정안 공방에 묻혀…법사위 계류 여야 139명, '정인이 사건' 진상조사 법안 ...","굥같은 모지리통을 봐도<br>대통령제 선호여론이<br>압도적인 것은~~국회가....<br>오래된 윤석열이기 때문이다~~ | 다 짜르고 AI 도입하는 게 맞다 | 우리나라 국회의원 50%삭감해야돼 | 세비도 70프로 감봉... | 이재명 방탄하고 지들 밥그릇 챙기다가  나라 망치는 국개들은 다 잘라라!!!"
"돌아와요 부산항에 / #채널A #shorts","김건희 #김건희여사 #돌아와요부산항에 #부산엑스포 ○ 기사 보기 ▷채널A뉴스 구독 ...","🩷💚👏 | ❤️❤️❤️ | 💚💚💚 | 👏👏👏 | 👍👍👍"
"오늘 &#39;간호법&#39; 재표결‥법안 폐기 반복되나 (2023.05.30/930MBC뉴스)","오늘 국회 본회의에서는 간호법 제정안을 두고 여야가 재투표를 벌일 예정입니다. 하지만 여야 입장 차가 그대로여서 법안은 결국 폐기 ...","이게 대통령이 거부권 반사하면 끝나버리는구나..흑기사는없는건가.. | 응구사도 간호사 자격증 취득 할 수 있게 해주세요~ | 국힘 너그덜 두고보자! | 포퓰리즘과 거짖선동하는 민주당은 자기들표계산으로 말도안되는 법을 몰아부치다가..간호조무사등 반대표가 더많으니  말도안되는 법ㄹ 날치기 통과시키고..이제야 잘못했다고 폐기시킹것임..대통령은 다시 국회에 보냈으니..민주당니들이 니들이 만든법 니들이 폐기시키라하는것. | 코로나 다 끝나니까 간호사가 필요 없어졌나 보네요 ㅋㅋㅋㅋ 😂😂😂"
"잇따른 흉악 범죄에 &#39;가석방 없는 종신형&#39; 법안 발의 / YTN","잇따른 흉기 난동 사건에 대한 사회적 우려가 커진 가운데, 가석방 없는 종신형을 도입해 중대 흉악 범죄에 대한 처벌을 강화하는 내용 ...","민주당 180석이 자기네한테 이익 1도 없는 이런 국민의 안전을 위한 법안은 세월아네월아 처리안해주지. 공수법과 검수완박법, 임대차 3법 등은 일주일만에 패쓰~ | 정치인 사면권도 폐지해야 | 그대신 세금 많이 나갑니다 그건만 알고계세요 그리고 교도소 수감하는사람이 늘어나서 자리가 부족해서 교도소도 더 지어내야합니다 | 윤종신이 뭘잘못햇냐 왜 종신형종신형거리냐 | 사형제도가 있는데 왜 회피하는지 모르겠습니다 희생된 사람들의 안타까운 삶에 대해 무시하는 저런 법안은 미흡합니다 희생당한 사람은 사람대접도 못 받는건지 법안 발의 하신 분은 사형까지 구형 하도록 개정이 되었으면 합니다"
"전세사기 피해자, 정부여당 특별법안 반대 (2023.05.01/12MBC뉴스)","정부·여당이 내놓은 '전세사기 피해자 지원 및 주거 안정에 관한 특별법'에 대해, 전세 사기 피해자들이 반대 입장을 밝혔습니다.","저거 해줄거면 보이스피싱 특별법도 만들어서 보이스피싱 당한 사람들 피해금 선지급 해줘라 | 싫으면 너희들이스스로해결해라 | 그래도 20-30대 젊은 애들 전세사기 당한 건 너무 안타까워요. 사기꾼들에게 구상권을 청구하는 방식으로 정부에서 대책을 마련해주면 좋겠습니다. | 댓글들 보니. 완전 인간 쓰레기들 아니냐? 피해자들 조롱하고. 사기꾼 조직이 조직적으로 사기치는 걸, 피할 수 있다고? 입만 산 것들이지. | 선별해서 지원 해준다는데도 무조건 특별법 떼쓰면서 해줘라 하는 꼬라지 ㅋ"
"조희대 임명동의안 통과...거부권 법안 세 번째 부결 / YTN","[앵커] 조희대 대법원장 후보자에 대한 국회의 임명동의안이 21대 국회 정기국회의 마지막 본회의에서 통과됐습니다. 장기간 이어진 ...","민주당은 정상이고<br>다른 당은 비정상이라는 증거지 에혀<br>개짓거리 해도 뽑아주는 머저리 30%가 있으니 점점 더 썩어가는구나 | 더듬어노오란봉투당뭐하냐"
"세계최초 &quot; AI규제법 &quot; 탄생 유럽연합EU의 AI 규제법안 합의와 그 영향  22a641617ffd84k","",""
"&#39;정당한 생활지도는 아동학대 처벌 제외&#39; 법안 국회 통과 / YTN","무차별적인 아동학대 신고로부터 교사들을 보호하기 위해 교사의 정당한 생활지도와 교육활동은 아동학대로 처벌받지 않도록 하는 ...","아동학대, 교권침해, 학부모 갑질 행태는<br>대학, 학교 경쟁력에 악영향을 끼치지.<br>(인문학이 바로 서야 나라가 산다고 했는데 이유를 이제야 알겠음.)<br><br>정치교육, 생태교육도 굉장히 중요함. | 이제 아동학대, 교권침해, 학부모 갑질 행태에 대한 문제를 한 번에 해결하기 위한 교육시스템 방안을 연구해야 한다.<br><br>나는 놀이융합형 기반의 독서공동체문화가 활성화되어야 한다고 생각함.<br><br>책을 통해 학생, 학부모, 교사들이 소통해나감으로서 앞으로 어떻게 살 것인지, 어떻게 반성할 것인지, 어떻게 다짐할 것인지를 깨달아나가야 함.<br><br>우리나라에서 독서교육을 시킬 때 독후감, 숙제를 너무 강요하는 게 아닌가하는 생각이 듦.<br><br>세계의 다양한 선진국가에서 독서교육을 어떻게 체계적으로 시키는지를 알고 실천해 나가야 한다고 봄. (그래서 국제 지역학과는 중요함.)<br><br>책을 접하기 전에 중요한 첫 단계가 인문학 교육임.<br>(나는 인문학 공부를 할 때 주로 종이, 공책에다 메모해서 함.)<br><br>인문학교육혁신공동체 중심의 학교문화를 조성해야 하진 않을까.<br><br>한국도서십진분류에 속한 책들을 골고루 접하는게 중요함.<br><br>책, 인문학, 국제 지역학과는 교사, 학생, 학부모에게 아주 중요한 수단이라고 생각함.(일반인도 마찬가지.)<br><br>사회성, 인성, 민주시민리더십, 인문학적 사고감성을 길러서 학교수업, 회사근무 등 모든 일상생활에 어떻게 적응해나가야 할지 고민해야 함.<br><br>치료도 되고, 힐링도 되고.....<br>(다큐멘터리, 시사교양 TV프로도 책, 인문학, 국제 지역학이나 다름이 없음.)<br><br>교육, 훈육 방식을 책으로 해결해야함.<br>교육, 훈육 시스템의 기본핵심은 책, 인문학, 국제 지역학과와 TV 다큐멘터리, 시사교양 프로그램으로 튼튼히 쌓은 국민정서라고 생각함. | 맘충법 제정하는 게 더 효과있을 겁니다. | &#39;정당한&#39;의 기준은 무엇일까요? | 그래 일좀 해라 이것들아"
"기사, 법안, 판결문…나쁜 사람이 쓰면 어쩌나 / SBS / #D리포트","저는 SBS뉴스에서 팩트체크 기사를 쓰는 팩트체커입니다. 최근 미국에서는 우크라이나 전쟁에서 쓴 비용이 아프간 전쟁보다 많았다 ...","지금 한국 판검사보다 나쁠까<br>개검찰보다 기계가 나을지도 | AI를 누가 먼저 선점해서 사기쳐묵는냐가 관건이란 소리구만 ㅋㅋㅋ 한번에 많은 사람들 낚을 수 있겠다 ㅋㅋㅋ | 차라리 이상한판사보다 더나은 판결내릴수잇습니다 | chat gpt는 간단한 코딩이지.<br>해킹하려면 본인이 취악점 찾아서 써야지. | 우리나라가 적극도용해야한다<br>50억판결 나온거봄 알자나"
"단톡방 탈출하고 싶은데…&#39;조용히 나가기&#39; 법안 발의 (2023.02.23/뉴스프리데스크/MBC)","단톡방 탈출하고 싶은데…'조용히 나가기' 법안 발의 (2023.02.23/뉴스프리데스크/MBC) #뉴스프리데스크, #카카오톡, #단톡방 ...","이거는 진즉에 기능이 추가됐어야지.. 이걸 법으로 만들고 자빠졌냐? 한심하다 ㅡㅡ | 별그지같은<br>마이너한 법률을 발의 한거 보니 <br>국개 자기가 불편했나보네 <br><br>성폭행범 처벌 강화법이나 만들고 <br>음주운전, 아동 성폭행/추행, 사기범 등 국민들 안전을 위해 영원히 감옥에 가두는 법이나 만들어 국개들아~^^"
"조희대 임명동의안 통과…거부권 법안 세 번째 부결 [굿모닝 와이티엔] 다시보기 2023년 12월 09일  / YTN","방송된 기사 내용은 YTN 홈페이지와 모바일 앱에서 확인하실 수 있습니다. ▷ YTN 뉴스보기 https://www.ytn.co.kr/ ▷ YTN APP 다운 ...","부디 검찰은   시간 끌지말고   죄인들을 싹 처리해주세요 ㅡㅡㅡ특히 쬐명이/송 영길ㅡㅡ | 검찰은강하게 증거로만 처벌해야함 | 묵비권간첩들은어서구속해야함 | 쥐박이 룬돼지 한통속 | 윤미향 재산증식 철저히 검증 해봐라!<br>위안부 할머니께 들어온 기부금 횡령한 걸로 집을 샀을 것이다.<br>직업도 변변찮은 게 뭔 돈으로 집을 몇 채나 사나?"
"미국 IRA법안, 일본만 편애한다? f. 권순우 취재팀장 [뉴스3+]","""The Age of AI has begun(AI의 시대가 열렸다)"" 빌 게이츠, 23년 3월 21일 딱 '영화 한 편 가격'으로 듣는 [ AI에 대한 거의 모든 이야기 ] ...","삼프로TV는 경제, 금융, 투자에 대한 다양한 해석과 의견을 존중합니다. 또 콘텐츠에 대한 비판과 평가도 언제나 환영합니다.<br><br>하지만 출연자에 대한 근거없는 비난, 욕설, 인신공격, 비하성 표현이 담긴 댓글은 삭제될 수 있습니다. 삼프로TV가 건강한 소통의 장이 될 수 있도록 시청자 여러분이 도와주십시오.<br><br>늘 감사합니다!<br><br>삼프로TV가 글로벌 채널을 오픈했습니다.<br>👉 링크 클릭 : <a href=""https://www.youtube.com/@samprotvglobal"">https://www.youtube.com/@samprotvglobal</a><br><br>&quot;The Age of AI has begun(AI의 시대가 열렸다)&quot;  빌 게이츠,  23년 3월 21일<br>딱 &#39;영화 한 편 가격&#39;으로 듣는 [ AI에 대한 거의 모든 이야기 ]<br>신규 런칭 기념 파격 특가(기간 한정)를 지금 확인하세요!<br>👉 링크 클릭 : <a href=""https://bit.ly/40qRFZb"">https://bit.ly/40qRFZb</a><br><br>삼프로TV의 교육 브랜드 - 위즈덤 칼리지<br>위즈덤 칼리지는 &quot;삼프로TV&quot; 앱과 웹사이트에서 만나실 수 있습니다.<br>■  모바일 : 플레이스토어/앱스토어에서 &quot;삼프로TV&quot;를 검색하시어 설치하세요.<br>■  PC : <a href=""https://apps.3protv.com/"">https://apps.3protv.com/</a> 로 접속하세요.<br>네이버에 &quot;삼프로TV&quot;를 검색하셔도 됩니다.<br><br>📞고객센터 : 02-2118-0707<br><br>---------------------------------------------------------------------------------------------------<br><br>■  기업에서도 삼프로TV의 강연을 만나고 싶다면!<br>👉 edu@<a href=""http://3protv.com/"">3protv.com</a> 또는 02-2118-0705로 연락주세요.<br><br>---------------------------------------------------------------------------------------------------<br><br>■  삼프로TV 고객센터(CS) : 02-2118-0707 (평일 오전 9시 ~ 오후 6시까지)<br>■  광고 및 협업 문의 <br>    -  설문지 작성 : <a href=""https://url.kr/yi4rpg"">https://url.kr/yi4rpg</a><br>    -  연락처 : 010-2090-6748 (평일 오전 9시 ~ 오후 6시까지)<br>    -  이메일 : ad@<a href=""http://ebroadcasting.co.kr/"">ebroadcasting.co.kr</a><br><br><a href=""http://www.youtube.com/results?search_query=%23%EA%B2%BD%EC%A0%9C%EC%9D%98%EC%8B%A0%EA%B3%BC%ED%95%A8%EA%BB%98"">#경제의신과함께</a> <a href=""http://www.youtube.com/results?search_query=%23%EC%82%BC%ED%94%84%EB%A1%9Ctv"">#삼프로TV</a> <a href=""http://www.youtube.com/results?search_query=%23%EC%8B%A0%EA%B3%BC%ED%95%A8%EA%BB%98"">#신과함께</a><br><br>[안내 말씀]<br>삼프로TV의 구성원과 삼프로TV에 출연하시는 분들은 문자/카톡/전화를 통해 절대 주식 리딩방 가입을 권유하지 않습니다.<br>만일 이러한 연락을 받으셨다면 모두 사기이므로, 링크 클릭하시어 스미싱 또는 사기 피해 받지 않으시도록 주의하시기 바랍니다. | 1톤 트럭 - 북미에 잘 팔릴 것 같은데... 20년 넘은 중고차를 일본에서 들여오는 사람들이 있는데, 그중에 1톤 트럭처럼 생긴차를 보면서 감탄을 하는 사람들 본 적이 있음.... 픽업트럭에 비해 가볍고 저렴하고, 짐 칸 옆에서도 열리고...픽업트럭 비싸고 너무 높고 큰짐을 제외하고는 짐 내리기 어렵고... 비싼 맛에 멋으로 타기에는 좋은데, 실용적이지는 않아서... | 정프로 술방? | 이노주주는  여러가지 사업을 보고 샀는데 밧데리를 빼서 물적분할했다. 주주가 두가지 사업을 다 가져가야지 왜 스왑을 하는데 주주가 환호하나요? | 시황을 듣고 싶은건데 남자들 술자리 온거 같네요 작작 좀 했으면 재밌는것도 한두번이지 권기자님 뷰 좋은데 한명이 망치네요 김프로님 언제와요 시황보고 싶지 예능 보고 싶어서 이거보나요?"
"[이 시각 세계] 이스라엘 사법부 권한 축소 법안 통과 (2023.07.25/뉴스투데이/MBC)","이스라엘에서 사법부 권한을 대폭 축소하는 법안이 통과됐습니다. 사실상 사법부가 정부를 견제할 수단이 사라진 셈이어서 거센 반발 ...","한국으로 귀화해라 다 받아줄게 | 검사들이 통치하는 나라에서 이런 뉴스가나오네 | 이스라엘:비파(악기) | 이스라엘도 망했네 | 단합 해도 모자를 판에… 팔레스타인이 좋아하겠구만."
"[부산] 부산시의회, 산업은행 부산이전 법안 통과 촉구 / YTN","부산시의회가 한국산업은행 본점을 부산으로 이전할 수 있도록 관련 법안을 조속히 통과시켜 달라고 촉구했습니다. 시의회는 본회의 ...","왜 산업은행이 부산가냐? 강원도 김진태는 한국은행이 강원도 와야한다던데 ㅉㅉ"
"여야, 전세사기 법안 27일 처리 공감대 (2023.04.21/12MBC뉴스)","여당과 야 3당 정책위의장이 전세사기 피해 대책 관련 법안을 오는 27일 본회의에서 통과시키기로 합의했습니다. 다만 야당이 추진 ...","전세금 반환 안하는 자는 형사 처벌법 논의해라. 본보기가 나와야한다! | 828282 | 이제라도 하는게 어디냐 | 부자감세 철회하고. 용산리모델링, 김건희씨 돌아다니며 쓰는 비용만 줄여도 공공매매해서 전세사기 피해자들 구제가능. 향후 대통령.국회의원. 국장급이상 공무원들 급여 최소30%이상 줄이고. 모든부처 특판비 50%이상 줄이는등 사회전반 혁신해서. 미래대비 시급하다"
"오늘 &#39;간호법&#39; 재표결‥법안 폐기 반복되나 (2023.05.30/뉴스투데이/MBC)","여아가 오늘 국회 본회의에서, 윤석열 대통령이 거부권을 행사한 간호법에 대해 재투표를 할 예정입니다. 하지만 입장차가 그대로여서, ...","국짐당과 대통령은 천벌을 받을것이다. | 간호법은 반드시 통과되어야 합니다 국민의 바램입니다 | 기자야<br>거대여당아니고<br>거대야당이다<br>워딩똑바로해라<br>의석수도보고 | 지들 배불릴려고 2찍해서 이 난리가 나고있는데 이제와서 윤석열 욕하고 있네 ㅋㅋㅋ | 간호법 무조건 지지~!!!<br>윤통이 반대를 하려면 선거전에 했어야 했다."
"&quot;단돈 1원도 신고&quot;‥가상자산 법안 처리 급물살 (2023.05.23/뉴스투데이/MBC)","김남국 의원의 가상자산 보유 논란 이후 국회의원 재산 신고 대상에 가상자산을 포함해야 한다는 지적이 이어졌는데요. 국회의원이나 ...","적어도 최근 3년전 보유분 부터 조사 신고힐것!! | 이번기회에 전수조사해서 다털어봅시다 | 국짐..떨고있나? | 누워서 똥을 싸버렸네 ㅋㅋ | 김남국이야 그냥 다 까발려져 있는 상태고, 나머지 국회의원들 어떻게 가나 보자"
"여야, &#39;수해복구법안&#39; 8월 임시국회 처리 합의 (2023.07.31/5MBC뉴스)","여야는 오늘 국회에서 수해대책 태스크포스 2차 회의를 열고 다음달 임시국회에서 도시하천유역 침수피해방지대책법 제정안 등 수해 ...","아무리 의원수가 많으면 뭐하나. 중요한건 다 여야합의해야하고. 여러 다른 필요한 필수법이 합의안되면 올리지도 못하는 국획가 증말 희안해요. | 잘한다"
"[뉴스외전 이슈+] &#39;출생통보제&#39; 법안 도입 추진‥내용은? (2023.06.29/뉴스외전/MBC)","출연: 승재현 형사정책연구원 선임위원 --------------- '출생통보제' 법안 도입 추진‥내용은? 승재현 ""병원 통해 심평원, 지자체로 출생 ...","아이를 낳았는데 키우기 힘들까봐 포기하고<br>살해까지 생각한다 성관계도 하지말고 살아라<br>어떤 고통과 고난이 따라도 당연히 키워야지<br>이런일을 진작에 알았으면 국가에서 하던지<br>국회에서도 상정이 되었을때 진작에 했어야지<br>미룰일이 따로있지 이제와서 뭔소리를 하는가<br>참 국회의원이란 놈들 더러운 놈들이다 시발 | 차이를 모르므로 이런 차별이 생긴다. <br>없어서 불완전한 가정 없다고 여기나. <br>는 아이들의 죽음에 차가 있지 않는가. <br>골치가 아프다고 이런 강요만 하는가. <br>목숨을 걸어야만 길을 걸을수 있다니 <br>길에서 아이들이 보고 배우는 것이다. | 태아 6개월부터 등록하면 어떨까요 | 그럼  집에서  낳거나  화장실에 서  낳거나  해서  버리면?  어떻게  되는겁니까? | 출생 통보제?   ㅎㅎㅎㅎ    일단 괘않은 말인데,   병원아닌곳에서  출산하면?  앰비씨,  두사람의 의견을 다 받아보라."
"&#39;정당한 생활지도는 아동학대 처벌 제외&#39; 법안 국회 통과 / YTN","무차별적인 아동학대 신고로부터 교사들을 보호하기 위해 교사의 정당한 생활지도와 교육활동은 아동학대로 처벌받지 않도록 하는 ...","졸업장이나 빼앗는 주제에 교육이라니 ㅋ | 그 정당한 생활지도가 부모와 자식간에도 해당될까요? 내 아는 지인은 딸이 휴대폰만 하고 동생들 외면하고, 놀기만 해서 휴대폰을 부쉈다고, 동생들 전부대리고 집앞경찰서에 찾아가 학대했다고 부모를 고발했다는데. | 그 정당한 생활지도를 누구 잣대로 하느냐가 중요하죠<br>여태까지 그걸 몰라서 부모라는 것들이 학교 뒤집고 그랫겠습니까"
"홍익표 &quot;노란봉투법·방송법은 민생 법안...거부권 오남용 말아야&quot; / YTN","더불어민주당 홍익표 원내대표는 국회를 통과한 노란봉투법과 방송법은 민생 관련 법안이라며 대통령이 재의요구권, 즉 거부권을 ...","민생법? 나라와 국민은 안중에도 없고. 총선에서 폭망하는 심판 받을 길로만 직행하는구만? | 홍익표탄핵난발하지마라내로남불친구이르인가 | 민생법? 개걸 개보이 많다고 막 까대네 ytn 막 불어주고 때려 부수고 그냥 보내 노조방송이 국민방송이고 이걸 믿는 중생이 산더미지 나라 꼴 잘 돌아간다 누굴 믿고 사나. 얼마 못간다 남쪽나라 | 이놈들이 멋대로. 하는구먼 대통령의 거부권 을. 행사해야 됨"
"전세사기 특별법 발표‥&quot;피해자 걸러내기 법이냐&quot; (2023.04.28/뉴스투데이/MBC)","전세사기 피해자들을 지원하기 위한 정부 특별법이 어제 발표됐죠. 피해자들에게 경매 우선매수권을 주고, 경락대금도 4억 원까지 ...","ㅋㅋㅋㅋ; 결국엔 은행을 위한거였네 은행은 손해를 안보게 되는거지만 어쨌든 전세사기 피해자는 생김 | 전세 사는 사람이 얼마나 많은데 제발 ! | 공짜 전세 제도 <br>자체를 폐지 해야 한다<br>전세계 어디 에도 없는 제도<br>이번 기회에 ㅎㅎ<br>월세 로 전부 바꾸자<br>악의 고리 를 이번에<br>끊지 않으면 ㅎㅎ<br>집값 폭락 할때 마다<br>경제 위기 ㅎㅎ<br>역전세 사건은 막을수 없다 ㅎㅎ | 가해자 재산을 압류한 금액으로 보상하는게 맞지 세금으로 피해자들 구제한다? | 진짜 억울하게 사기당한 사람은 일부인데 ㅋㅋ 본인이 빡대가리라서 사기당한놈들도 같이 날뛰는군"
"&#39;해양관광 진흥법안&#39; 속도..문체부 반대 변수 (2023.11.30/뉴스데스크/여수MBC)","지역사 채널의 동영상 링크(https://youtu.be/xNx719sn93Q?si=eFL4NuI00DV_C9CM) #해양관광진흥법안 #문체부 #여수MBC ...",""
"&#39;양곡법&#39; 尹 &#39;1호 거부권&#39; 행사..“포퓰리즘 법안 유감” “입법권 정면 부정” - [핫이슈PLAY] MBC뉴스 2023년 4월 4일","윤석열 대통령이 오늘 국무회의에서 양곡관리법 재의요구권을 의결했습니다. 대통령의 법률안 거부권 행사는 지난 2016년 5월 ...","주류법도 만들어서 거부권행사하라<br>술도 한그릇식정책 어때요 | 닝기리 용산 옮길 돈으로<br>쌀 사주고도 남는다 | (운짱똥의 법률안 거부권 행사 &gt; 민주당 210석 이상 확보했다면 , 즉각, 국회 재의결로 양곡법 통과할 수 있었는 데)&gt;( 차기 총선, 민주당 210석 이상 확보 후&gt; 재의결 확정 필수) | (윤짱똘과 차기 총선,일본국민의 똥당&gt;3석)(이재명 과 차기총선,민주당&gt;2백10석이상 확보)(차기 총선, 민주당 2백10석&gt;헌법개정 단독가능, 모든 법률 제정 가능, 대똥령 법률안 거부권 행사시,법률안 재의결 확정 가능) | (오염수 해양 투기 시 &gt; 일본선박 대한민국 진입 금지 필수 )(오염수 일본 땅에 호수처럼 보관 )(독도 소유권 주장금지)(국제판결 근거, 대마도 대한민국영토확정,실효적 지배 시작 예고)"
"이재명 &#39;민생 1호&#39; 법안 양곡관리법 국회 통과‥대통령 거부권 행사하나 (2023.03.23/뉴스데스크/MBC)","초과 생산된 쌀을 정부가 의무적으로 사 주도록 한 양곡관리법 개정안이 오늘 야당 주도로 국회를 통과했습니다. 국민의힘은 민주당이 ...","이런뉴스는 맨날 또 mbc네 | 양곡법은 통과되어야 합니다!<br>농사는 이 나라의 근간이었으며, 자국이기주의로인한 전쟁이 더 잦아질 것이 예상되는 지금, 농민들의 삶에 재앙을 가져와서는 안됩니다.<br><br>농민들이 농사를  버리면 후일 곡물자급도가 떨어져 다시 회복하려해도 농지로 회복되는데 수년이 소요됩니다. 게다가 이미  농민 대부분이 고령의 어르신들인데 여기서 농업을 계승시키지않으면 급하게 다시 지으려 해도 농사를 알고 지을수있는 농민이 없어 회복 불가능한 상태가 됩니다.<br><br>국회의원들 중 양곡법에 반대하는 분들 대부분이 유명산지 햅쌀만 드실분들이면서 농업을 살리려하지않는 모순적 행태를 더이상 묵과할 수 없습니다. <br><br>우크라이나와  러시아전쟁으로 우리는 이미 옥수수 밀등 다량의 곡물가격인상에 따른 물가인상을 경험했습니다. 앞으로 어떤 곡물이 얼마나 구하기 어렵게 될지 아무도 모릅니다. 거듭 강조하지만 농업은 후회한다해서  즉각 회복할 수 있는 것이 아닙니다.<br><br>정치인들 대부분이 농업의 중요성과 가치를 모르니 당장 눈앞에 보이는 돈의 논리로만 판단하려 하는 것이 안타깝습니다. <br><br>이재명대표님! 그리고 국회의원여러분께  농사가 어려워 종사할 엄두도 못내나  농민 분들의 감사함에 늘 고개숙이는 일개 국민이 부탁드립니다. 여러가지 어려움을 겪고있는 농민들이  농업을 포기않고 지켜낼 수있도록 도와주십시요! 후일, 타국의 어떤 전란이나 재해로인한 국가의 곡물대란이 일어나지않도록, 최소한 식량만큼은 국민 모두 걱정없이 공급받을 수 있도록 우리나라 대한민국의 농업을, 농민을 지킴으로써 이 나라를, 국민을  지켜주십시요. | 민생1호 ㅋㅋ 지랄 ㅋㅋ 불좀 그만 쳐질러라 | 무식한 틀딱들 ㅈㄴ 많네 ㅋㅋㅋ | 시파 재정이 힘들수도 있다? ㅋ<br>개소리하고 자빠졌네 ㅋ. 시파 니들 해외연수만  쳐 안가도 그 비용은 나오겠다 ㅋ"
"윤재옥, 2+2 민생법안협의체 제안...기촉법 등 타결 촉구 / YTN","국민의힘 윤재옥 원내대표는 다음 달 9일까지인 정기국회 회기 안에 민생법안 처리에 속도를 내야 한다며 거대 양당의 정책위의장과 ...","윤재옥이 국힘의 숨은 브레인인듯 | 국민을생각한다면.민주.없는민주반대되는정책.더불폴짝뛰게하면국민산다요"
"우후죽순 교권 보호 법안···입법화 걸림돌 문제 (2023.08.15/뉴스데스크/대구MBC)","지역사 채널의 동영상 링크(https://youtu.be/8iV-ltU1YO8) #교권보호 #국회 #대구MBC c MBC&iMBC 무단 전재, 재배포 및 이용(AI ...","민주당이 막겠지. | 공통인 내용부터 정리해서 빨리 통과 시켜주세요~!!!"
"국토위 법안소위 &#39;전세사기 특별법&#39; 심사 재개 (2023.05.03/930MBC뉴스)","국회 국토교통위원회는 오늘 국토법안심사소위원회를 열고 전세 사기 피해자 지원을 위한 특별법 제정안 심사를 재개합니다.","투기현의 투기의힘 빼고 하면 안되냐?"
"&quot;이 정도면 공해&quot;‥정당 현수막 법 또 개정 (2023.04.05/뉴스투데이/MBC)","요즘 길에선 정당이 내건 현수막이 많이 보이는데요. 너무 많다 보니 상인들에게 피해를 주거나, 보행자의 안전까지 위협할 정도입니다 ...","나라의 품격을 스스로 낮추는 정치인들 | 김남국 그종자는 도대체 뭔짓읋 한건지,.<br>옥외광고법 발의한 종자가  김남국임.................. | 김남국. 진짜 ㅋㅋㄱㅋ | 별일이네 국회서 일하는 사람도 있네 | 아~~!!!진짜 하루에 두번씩!! 출퇴근할 때 사거리 신호등 걸릴때 보이는  국짐당 현수막 때문에 아주 혈압 오르겠다 진짜~!!!<br>온국민  홧병 걸리게 할일 있나..!!<br>뭐? 윤대통령 역대급 실적 어쩌고 저쩌고~!진짜 어의가 없어서~!<br>아주 걍 정당 현수막 싹 다 못걸게 했으면 좋겠다~~~<br>온세상이 깨끗할 것 같다~~!"
"[뉴스외전 정치 맞수다] 야당 주도 법안 강행 통과, 거부권 맞대응 반복‥총선 겨냥? (2023.05.31/뉴스외전/MBC)","출연 : 이언주 전 국민의힘 의원 / 박수현 전 더불어민주당 의원 간호법 제정안 국회 재투표 끝 부결‥노란봉투법·방송법도 같은 수순?","민주당.나라망친놈들!내년총선때,다없애버리자. | 아직도 모르겟냐 ?   윤석열이가 신경쓰는건 잇권이지 민생은 1도없어 <br>그냥 똥밟앗다생각하고 4년 참든가 ...열시미 촛불집회나가서 울분이래도 달래던가 ... | 정치?   뭔 정치   개판이지 ᆢ | 범죄자 윤석열이 범죄집단 조중동과 야합해서 대한민국을 찬탈한 역모사건이다. 차후에라도 반드시 가장 잔혹하게 처벌해야 한다. | 거부권 계속 쓰는데 지지율은 오름 ㅋㅋㅋ<br>대통령한테 전혀 타격 없음"
"&#39;가석방 없는 무기징역&#39; 신설 법안 국무회의 통과...국회 제출 / YTN","흉악범죄 처벌 강화를 위해 추진되는 '가석방 없는 무기징역' 신설 법안이 오늘(30일) 국무회의를 통과했습니다. 법무부는 이런 내용의 ...","가석방 없는 종신형  =  사형 | 그럼 지금 무기징역인 인간들 다 못나오는건가요? ㅋㅋㅋ 무기징역 인놈들 교도소에서 아주 긴장을 바짝 하고있겠군 ㅋㅋ | 가석방없는 종신혀이 통화을 해서 다행이네요 이왕 이렇게 된것 사형제도를 부활시켜서 익마같은 인간들을 하루빨리 이세상에서 없어져야 돕니다 사헝제도 부활 찬성! | 가석방 없는 무기징역 통과되서 다행이네요 | 현재 지금까지 무기징역받은 범죄자들도 적용되야한다. 두번다시 사회에 못나오게 가둬라.."
"이재명 민생 1호 법안‥대통령은 거부권 (2023.04.04/뉴스데스크/MBC)","정치팀 윤수한 기자와 좀 더 얘기 나눠보겠습니다. 윤 기자, 대통령의 거부권 행사, 당연히 야당의 반발이 거센데 오늘 국회 대정부질문 ...","평소에 억지주장만 늘어놓는 재명이가 전라도 표를 위해 되도 안한 법을 만들어 국민을 조롱하고 있네요!<br>방탄용 악법들을 식은 죽먹기로 막 밀어 부치는 더불당은 빨리 망하는게 답이고 대다수의 공정한 당원들이 이끄는 민주당으로 돌아가기를 빌겠읍니더! | 그냥 반대를 위한 반대임.<br>정책의 필요성이나 중요성같은거는 전혀 따지지도 않고 대책도 없고 무조건 민주당이 한거니 반대임.<br>이딴게 정치인들이라고.. | 쌀거부권  행사하신  이재명의원부터  월급대신 쌀로주면 해결됩니다 | 뒷통수 맞고도 국민의힘을 찍는 대한민국 국민 클라스 좀더 당해봐야 | 국민들이 찬성하지않는 용산이전 초부자감세 친일매국 민영화 서민증세는 빠르고 강력히 추진하고 모두가  원하는 법안들은 다 거부 노인청년 복지예산 삭감"
"&#39;게임 아이템 확률 공개 의무화&#39; 법안 국회 통과 / 연합뉴스TV (YonhapnewsTV)","'게임 아이템 확률 공개 의무화' 법안 국회 통과 게임 내 확률형 아이템의 확률 정보 공개를 의무화하는 법안이 국회 본회의를 통과 ...","당장 비제이들 넥슨게임에 피파든 메이플이든 돈 쓰는것만봐도 벌금 200억은 때려야 확률주작 무서워서 못칠텐데 이건뭐 있으나마나 2천만원 내고 계속 주작하겠다 내가 박정무여도 | 20년 이하 징역이나 200억이하의 벌금으로 수정해도 할까말까한데 2천만원 벌금이래 ㅋㅋ <br>게임사가 빠칭코로 하루에 얼마나 버는지 알고서 통과시킨건가? | 2천만원 이하 벌금~_~ ;;  ;; <br>한사람이 확률형에 던지는 금액보다 작을수더있겠네여"
"오늘 본회의‥&#39;쟁점 법안&#39; 여야 평행선 (2023.04.27/930MBC뉴스)","오늘 본회의에서 이른바 '쌍 특검법'의 신속처리안건 지정 여부가 결정되는데 여야 대립이 예상됩니다.","김건희 모녀 주가조작 특검하라 부산저축은행 대장동 곽상도 박영수 윤석열을 특검하라 특검하라 특검하라 | ㅋㅋㅋㅋㅋ민주당 총선 처망할거같으니까, 끝끝내 발악하네 ㅋㅋㅋㅋㅋㅋㅋ <br>이재명본인부터가, 검찰수사 나가서 모른다, 모른다 노래만 부르면서 ㅋㅋㅋㅋㅋㅋㅋㅋㅋ상대진영한테는 특검 ㅋㅋㅋㅋㅋㅋㅋㅋㅋㅋ | MBC 👍 | ㄷㅅ K-ㄴㅊ ㅎㄱ들의 잡합소 그저 ㅈ같고 부끄러울뿐이다 | 그래서 언제 시작?"
"나주 혁신도시 산·학·연 클러스터 활성화 대책‥ 법안 마련에도 역부족 (2023.09.21/뉴스데스크/광주MBC)","지역사 채널의 동영상 링크 (https://youtu.be/BCWVvMUydIE?si=FePb7KYG3BQxpQwg) #공공기관이전 #혁신도시클러스터 ...","R&amp;D 예산 다깍아 먹고 무슨 ㅋㅋㅋㅋ | 인프라부터 갖추어야 합니다. <br>잘 갖춘 인프라가 있으면 오지 말라고 하여도 옵니다."
"故배승아 양 유족 &quot;음주살인 신상공개&quot;‥국회도 법안 발의 (2023.04.16/뉴스데스크/MBC)","대낮에 어린이보호구역을 걷다가 만취한 60대가 몰던 차량에 치여 숨진 고 배승아 양. 배 양의 유족이 오늘 국회를 찾아, 음주살인 ...","음주운전자는 번호판 색깔 바꾸자 | 음주운전 경력자 대통령후보를 배출한 더불어 만지당은 졸라 자랑스럽겠네 | 싫어 이재명 반대 👎 합니다 | 음주가 끝임없이 일어나는 대한민국 바로잡아야한다<br>신상공개도 당연하고 죄값을 강력하게 받아야 맞당하다 | 1%를 위해 안하지 않을까 쉽네요...."
"[오늘 아침 신문] 철근 누락-엉터리 시공 막을 법안 13건, 국회서 잠자고 있었다 (2023.08.02/뉴스투데이/MBC)","작년 광주 화정아이파크 붕괴 사고 이후 부실공사 처벌을 강화하는 법안이 잇달아 발의됐지만 이후 국회 논의는 멈췄다는데요. 지난해 ...","민노총 놈들은 도대체 뭐하고 있는거야 ? 집회는 이럴때 필요한거야 !  너희들이 일하고 있는 곳에서 이런일이 터졌다. | 180석????? ㅋㅋㅋㅋㅋㅋㅋㅋ | 국회의원도 2회 까지만 하고 못하게 하는 법이 필요해보인다.... | ㅋㅋㅋㅋㅋㅋㅋㅋㅋ 그럼 그렇지<br>안정성을 강화 할 수 있음에도 저지랄을 하고 있으니 이모양 이꼴이지 | 국회위원들 아파트가 자다가 무너져 봐야....."
"與 뉴시티 특위, &#39;구리시 서울 편입&#39; 법안 오늘 발의 / YTN","국민의힘 뉴시티 프로젝트 특별위원회는 경기도 구리시를 서울로 편입하기 위한 법안을 오늘(19일) 발의하기로 했습니다. 조경태 ...","서울 꽁꼬물 자~알 묵겠습니닼ㅋㅋㅋㅋ<br>끄~~~억~~~ | ㅈㄹ도 이런 ㅈㄹ이없다;; | 구리 시도 미처  미처 하는구나 /// | 구리에서 열세야? | 잘못을 끝내 밀고 나가는 철딱서니"
"#윤석열대통령 #국무회의 #민생법안 #건전재정 #정기국회 #약자복지","","윤석열 발언 포털에 왜 속보로 띄우는 거야 너무 짜증나 | 길에 멀쩡한 사람 널렸는데 왜 맨날 대통령은 저런게 되는건지<br>너무 미스테리하다 | 지금 무슨소리을 하고있는거야?????<br>참,저분은 정말희망이없다😢<br>잠자다 봉창두드리는 소리하고있다ㅋ😂 | 노인 요양시설 어린이 재활 유치원 예산 전부 삭감하고 약자복지 드립 R&amp;D 예산 삭감하고 미래성장동력 드립 어후 역겹다. 그냥 가만히나 있어 어차피 마음대로 할거면서 | 전 정부 흥청 망청 국정운영...자기 지지율 관리한다고 포플리즘 정치.다시는 좌파에게 나라 맏기면 안된다. 윤석열 대통령님 힘 내십시요."
"169개 교원단체·노조 &quot;교권 법안, 최우선 처리 돼야&quot; / YTN","교원단체와 교원노조 등 169개 단체가 교권 보호 법안을 9월 정기국회 1호 법안으로 통과시켜야 한다고 촉구했습니다. 한국교원단체 ...","노조집단들   세금충들 좀 꺼져라<br>아무  쓸모없는  세금충들 | 노조   가만있다가  지금와서  설치냐<br>돈잔치 끝이다 | 노조는 좀빠져라 | 법안 처리 안하는 돈봉투 잔치당 ~<br>결국 피해 보는 것은 교사들 ~ 허허"
"한 총리 &quot;민생 어려움 절박...국회 예산·법안 속히 처리해야&quot; / YTN","한덕수 국무총리는 민생의 어려움이 절박하다며 민생 현안을 해결하고 경제에 활력을 불어넣을 수 있도록 이를 뒷받침할 예산과 법안 ...","민생이 어떻게 뭐가 어려운지 아니? | 일년반 동안 이재명 하나 잡겠다고 민생 내팽겨치고 난리치던 정부가 이제와서 민생민생 거리는겅 반겨야하나 모르겠다 | 처리된다고 낳아지지 않을거같은데 정말좋아집니까 | 진짜 혈압 터지기 일보직전이다 | 예산안을 그따위로 올려놓고 신속처리 해달라니?<br>염치라도 있어야 할것 아닌가?"
"여야, 최우선 처리 법안 목록 10개씩 교환...협상 돌입 / YTN","여야는 12월 임시국회에서 신속하게 처리하기를 원하는 법안 목록을 각자 10개씩 뽑아 공유하고 본격적인 협상에 들어갔습니다.","조예진 앵커 코디 완전 취향저격이다💙 너무 이쁘고 사랑스럽다❤ | 웃음이 나오냐? | <a href=""https://www.youtube.com/watch?v=pXEHGvpK4n8&amp;t=13"">0:13</a> <br>협의 악수는<br>양 가쪽 사람의 바깥손은 안쪽사람 어깨나 허리두르는것이 더 협의느낌듭니다. | ㅈㄹ들 하고 있ㄴ."
"&#39;방통위 여권 독주 막기&#39; 법안‥이동관 발언에 대립 (2023.08.01/뉴스데스크/MBC)","야당은 방송통신위원회가 여권 몫 위원들로 단독 운영되는 걸 막기 위해 법 개정을 추진하고 나섰습니다. 이동관 후보자의 오늘 발언에 ...","윤무식이 대선기간에 손에 왕자 쓰고, 왕노릇 할 거라는 암시를 했었는데 2찍 바퀴벌레들은 알면서도, 정권교체를 위해 찍어줬다.<br>윤무식이 대선기간에 전두환도 존경할 부분이 있다고 했었는데 검찰독재공화국을 예상했으면서도, 2찍들은 정권교체를 위해서 찍어줬다.<br>윤무식이 대선기간에 일방적으로 수출규제한 일본을 변호하고, 문재인정권이 무조건 잘못해서 한일관계가 나빠졌다고 말했다.<br>윤무식이 정권 잡으면 친일매국노 짓거리를 할 줄 알면서, 2찍 바퀴벌레들은 정권교체를 위해서 찍어줬다.<br>지금은 친일매국노들이 정권을 잡은 제2의 일제강점기다. 지금은 군부독재에 맞먹는 검찰공화국이기 때문에, 제2의 5 공화국이다. | 집권당 대변인 자처하는  방통위 자체를 없애서 세금이라도 아끼자. | 또, 무슨 음모, 몹쓸 짓을 하려고 그러나 아휴~윤 모지리 진짜 역대급 국민의 골칫거리 이거는 국민은 안중에도 없다~ 내년 총선 같은 소리 하지 마라. 국짐당 일당 아 내년에 모두 짐 싸서 집구석이나 학교나 갈 준비나 해라 ... | 이동관 후보자님  임명되시면  방송개혁을 확실하게 해주세요  지금의  언론방송은  좌빨놈들이 다 장악해서  좌빨방송뿐입니다 <br>그동안 유트브가  없었으면 정말 큰일날뻔했습니다  그동안 언론방송은  거짓선동 방송뿐이였습니다   <br>이동관 후보님  임명되시면 좌고우면하지 마시고  확실하게  언론방송 개혁해주세요   국민들이 응원합니다                      <br>케이비에스 시청료 거부합니다          좌빨기자  나부랭이들  척결해야한다<a href=""UCkszU2WH9gy1mb0dV-11UJg/2sIfY8vIG8z96ALulYDQDQ""></a> | 인사청문요청서 반려하고 받지마라 뭐 어짜피 개판인대 요청서 국회로 보내면 반려해라 그리고 요청서가 안와서 인사청문회 못한다고해라 뭐 막가자는거니깐 같이 막가면댄다"
"여야, 수해 대책 TF 가동‥&quot;지원 법안 신속 처리&quot; (2023.07.26/5MBC뉴스)","여야가 수해 복구 태스크포스 첫 회의에서 수해 복구와 피해 지원 관련 법안 처리에 속도를 내자는 데 공감대를 이뤘습니다. 국민의힘 ...","지X을 한다.. 그딴거 차리기 전에<br>나라 망하는게 더 빠르겠다ㅎㅎㅎ | 한국의 정치인은 수해 대책을 할 생각이 없다.<br>일어날지 모르는 수해에 예산을 사용하지 마십시오.<br>수해가 일어나면 애도의 뜻을 크게 말할 뿐"
"“AI 때문에 최초의 인간파업이 일어났다” (강정수 박사)","AI 교과서 도입하기로 했는데 시험볼 때는 암기해서 하라고 할 건가요? 수능에, 수행평가에 스마트폰을 오픈북으로 꺼내야 되는 거죠.","일하는 사람, 경영하는 사람들의 ‘챗GPT 강좌 출시’ <br><br>“혁명은 챗GPT가 아니라 LLM이다.” <br>시중의 많은 강좌가 챗GPT의 원리와 활용법 중심입니다. <br>하지만 기업구성원과 리더에게 필요한 챗GPT 강좌는 달라야 합니다. <br><br>□ 기업 사내교육용 구매 : ttimes6000@<a href=""http://gmail.com/"">gmail.com</a> / (02)724-7718 / 010-5327-9524<br>□ 개인 수강 : 티타임즈 교육사이트(<a href=""https://ttimes.liveklass.com/"">https://ttimes.liveklass.com/</a> )<br><br>□ 강좌 목차<br>1강. 거대언어모델(LLM)은 기존AI와 어떻게 다른가? 왜 혁명인가?<br>2강. 챗GPT의 한계와 길들이는 법 ‘파인튜닝’ <br>3강. LLM으로 어떻게 기존제품의 차별화를 만들까? <br>4강. LLM으로 뒤바뀐 테크회사들의 경쟁구도 <br>5강. 생성AI시대 킬러 서비스는? 메타버스는 왜 강력해질까? <br>6강. 기업의 경쟁력 제고를 위한 거대언어모델 활용법 <br>7강. 챗GPT가 제기하는 사회적 이슈(교육, 저작권, 가짜콘텐츠)  <br>8강. 프롬프트 활용 실전 노하우 | 근데 암기의 영역은 앞으로 미래가 있을까 싶기도 하네요 | AI가 인간과 똑같을거나 뛰어넘을 필요가 있죠  앞으로 로봇에 인간을 뛰어 넘는 인공지능을 탑재해서 인간의 노동력을 대체할 시대가 올건데 | 좋은 영상 잘봤습니다. 감사합니다. | 기업 실무를 가르쳐라<br>정묘호란이 1627년에 일어났다 이런거 가르치지 말고"
"[리포트+] 법안 발의 3개월 뒤…&quot;스트레스 덜어드릴게요&quot; 카카오의 약속 / JTBC News","0:00 ""단톡방 몰래 나갈 수 없나요?""…'조용히 나가기' 법안 발의 (2.23 뉴스룸) 1:16 드디어 생긴 '이 기능'…이제 눈치 안 보고 단톡방 ...","카톡에 대응이 졸라 늦다 | 친구 목록이나 전체 선택후 삭제 기능이나 좀 시바 하지 ㅂㅅ 같은 어플 | 알람 끄면 그만이고 알람이 없어도 대화 목록 보면 나간 거 금방 아는데 저게 소용이 있나요?? | 참나 법제화 되니까 이제서야 무료를 검토한다고? 참 X아치들이 따로 없네.... 돈에 영혼을 팔아먹을 인간들... | 그렇게 해달라고 했는데 이제 겨우겨우 해주는 건데 뭔 일을 해...?!"
"국회 운영위원회 법안 심사…‘천공 의혹’ 등 꺼내나 - [끝까지LIVE] MBC 중계방송 2023년 02월 22일","여야는 오늘(22일) 오후 국회 운영위원회를 열어 법안 심사를 진행합니다. 당초 더불어민주당은 김건희 여사의 주가조작 의혹 등을 ...","국민 대표자는 국가국민을 위한 일을 하는 것이 아닌 가요. | 국힘 미친나 | 상정씨는 이제 정치계를 떠날때가 되지 안았나? | 심상정아웃.고양갑.시민분께정의당의원철퇴해주세요이곳에용해인의원으로해주세요.정의당아웃. | 멀마쳬개잣"
"김포시, 서울시 편입 공론화...&quot;조만간 특별법안 제출&quot; / YTN","[앵커] 요즘 김포시의 서울시 편입 추진 구상을 놓고 수도권이 뜨겁습니다. 김포시는 시민 공론화 작업을 거쳐 조만간 서울시 편입 특별 ...","양평땅 뻥튀기 못해 먹을꺼 같으니 군포로 옮긴건가 ? 군포 땅 전수 조사 해봐라.<br>떡열이 거니 처가댁 땅 잇는지  ㅋㅋㅋ | 고양,광명,과천,성남,구리, 하남,안양,의왕군포, 포함 해야 된다. 김포만 하면 국힘은 다 잃을 수 있다. 경기도 북도 남도 안 하면 된다. | 김포공항도 서울에있는 공항이 되어야 맞다고 봅니다 모든게 서울과 같은데 서울로 편입하는게 맞다고봅니다 경기도는 서울 주변이 모두 경기도로 되어있는데 경기도남과 북으로  노노 이건 아니라 봅니다 | 김포는 서울에 편입하는것이 옳다고 봅니다 진즉 그렇게 했어야 합니다 | 조선총독부 뭔짓을해도 호감이없어요<br>야당도 이재명때문 마이너스 <br>왜 모르는지요"
"프랑스 연금개혁 법안‥&quot;마크롱 서명만 남아&quot; (2023.04.15/뉴스투데이/MBC)","프랑스 헌법위원회는 현지시간 14일 정부가 하원에서 표결하지 않고 통과시킨 연금개혁법안을 부분적으로 승인했다고 AFP 통신 등이 ...","뭘 겨우 그정도를 가지고 저 난리야!!!! 대한민국에 비하면 여전히 천국이야. <br>대한민국은 대통령이 나라를 통째로 대일본제국에 편입시키려고 발광하고 있어. <br>2찍들은 나라 경제가 아작나고 있는 줄도 모르고 &quot;천황폐하 반자이&quot;를 외쳐대로 있고. 헬조선은 망해도 싸. <br>대통령과 2찍들이 모두 한꺼번에 치매들어서 자기들 역사와 정체성도 잊어버렸어. 나라는 인구절벽으로 미래가 없는 상태이고. | 마크롱도 국민들이 뽑았다는,,,프랑스 국민들도 할말 없다는 자업자득,,, | 친중 마크롱 연금건들면 프랑스혁명 도화선이겠네 | 이번주에도 이곳은 불타오르겠군요 | 저 시위 보면 여기가 프랑스라면 윤석열 김건희는 벌써 머리채 잡혀서 끌려 내려오고 길거리에서 수백번 죽고 남을 시간이다. 한국 사람들 착하다"
"TKC NEWS｜5/25 (목) 뉴욕주 음력설 공휴일 지정 법안 통과 탄력","1. 뉴욕주 음력설 공휴일 지정 법안 통과 탄력 하원의장, 이번 회기 내 법안 통과 위해 논의 2. KISS 그룹, 전미체전 타이틀 스폰서 참여 ...",""
"🔴[현장 LIVE] &#39;교권보호 4대 법안&#39; 의결 예정…국회 교육위원회 전체회의 23.09.15","교육위는 오늘(15일) 오전 전체회의를 열고 지난 13일 법안심사소위를 통과한 초중등교육법·유아교육법·교원지위법·교육기본법 ...","교육감의 권세가 세졌군....나중에 좀 문제가 되기도 할듯.<br>아동학대 금지 예외도 좀 애매한듯. (정당한교육활동)이 발목을 잡을꺼 같은데말입니다.<br>학부모의 의무에 대한것은 괜찮은듯..<br>급한거는 처리한거 같은데... 이제 다시 교육관련 법안을 다시 살펴보고 부족한부분이나 애매한부분에 대하여 다시 교정할꺼는 교정되길바랍니다.. | 교권 보호는 노력중이라 되였네요 그럼다음 선생이 학생을 얼마큼 보호 할자신 있읍니까 ? 폭력을 쓰는 선생은 어찌 할까요 ? 학생의 인격<br>을 무시 하고 선생의 감정 대로 학생을 패고 때리고한 역사도 있었읍니다 앞으로 학생을  회초리로 다스리는 선생은 무작정 사표와 퇴직금도 없이 사표를 받는 법을 받아야합니다 사는 학부모 입장에서 내자식이 선생한테 여자의 얼굴인 따귀를 20대 이상을 맞았다 합니다 그러고 니서 엄마한테 말하지 말라고 부탁 하더랍니다  말하지 말라는 부탁으로 혼자 비밀을 갖이고 살다가  30 년이 지나고 말하더군요 그선생을 보면 같이 죽을 각오가 되여 있지만 찾을길이 없지요  지금 은 거리가 먼곳에<br> 있는 선생  입니다 앞으로 학생을 다루는 선생 부터 교육이 먼저 입니다"
"재벌들의 &#39;인싸력&#39;은 몇 점?","윤석열 대통령의 새해 첫 해외순방에 따라나선 경제인들. 그들은 쉬는 시간에 뭘 했을까요? 뉴스에 나오지 않은 영상을 모아봤습니다.","대한민국이 나서서 부서들을 더늘려<br>( 모든아이들이 ) 학교에서 또는, 어린이집에서, 유치원에서 ,<br>교육시키고, 체험학습등등을가고,아침점심저녁 간식까지 먹이고, 남여여남샤워장을만들어 ( 모든아이들을 ) 씻기고,사물함에 옷생필품넣고, 성인대자침낭으로 재우고,강당사용도됩니다 모든 학교또는 모든 어린이집 ,모든 유치원 안에 세탁기도있습니다 <br>대한민국이나서서 모든아이들을 관리감독을 모든걸책임지고 관리합니다 교육적인부서들 늘리기 교관부서들 늘리기 등등<br>여러분야의 국가에서 부서들을 늘려서 관리감독합니다<br>현금으로 주고 아이들을 키우라하면 너무허탈합니다<br>베이박스가필요없는 믿고 맡길수있는 대한민국 국가에서<br>나서서 관리감독부탁드립니다 꼭 해주세요 <br>결혼할자금없어서결혼못하고 집없어서 행복하지못하고 아이놓고 아이들을 키우기 버거워서 행복하지못합니다<br>현금으로 해결해줄수 있는걸 대한민국 국가가나서서 <br>부서들을 더늘려 컨트럴타워 관리감독합니다 | 인도 인도네시아 중동국가에 물 이 없어서 힘들어합니다<br>인도 인도네시아 중동국가에 사람들이 물 이 있는곳을 잘알고있습니다 사실입니다확실합니다  <br><br>대한민국이나서서  인도 인도네시아 중동국가에 물 있는 곳을 찾아서 대한민국의 튼튼한 댐 건설을 부탁드립니다<br>대한민국처럼 튼튼한 댐  건설로 농수로로 활용하고 농경지개척과 관광지로서 의 대한민국이나서서 수출부탁드립니다 사실입니다확실합니다 <br>감사합니다 고맙습니다 | 망함 ㅋㅋㅋ | 대통령님 힘내세요 존경합니다 | 하늘에겨시는ㅡ창조주하나님께서ㅡ태초부터ㅡ겨훽하신ㅡ창조시작부터ㅡ창조완성까지ㅡ준비하신ㅡ증빙증거자료가<br><br>년도별ㅡ순서대로ㅡ질서정연하게ㅡ오차없이ㅡ목표가ㅡ명확하게ㅡ정해저있음을ㅡ알수읍니다<br><br>창조주하나님ㅡ췌종뜻ㅡ100%ㅡ1000%ㅡ10000%ㅡ증명할수있는ㅡ7,6창조완성ㅡ500페이지ㅡ하늘법ㅡ한권ㅡ한종삶ㅡ설겨도<br><br>7,6창조완성ㅡ500페이지는ㅡ췌종ㅡ아빠집3대3인가족ㅡ엄마집3대3인가족ㅡ6번가정ㅡ완성입니다<br><br>지구마지막전쟁=50년6,25<br><br>50년=7십자가=1차자대표예수님ㅡ중책맡은십자가=창조주하나님=주관<br><br>빨파태극기100년=1982년=(천ㅡ구ㅡ백ㅡ팔ㅡ십ㅡ이ㅡ년)<br><br>년=년도별ㅡ증빙증거자료=창조주하나님께서ㅡ996번지ㅡ심재임앞으로ㅡ준비해놓으신<br><br>이=2차=6번가정모대표ㅡ심재임<br><br>팔=토끼지도휴전38선=토끼지도초록38선<br><br>구=지구세겨흑백황ㅡ365개국분할ㅡ국명=번호<br><br>백=미국백악관=하늘태극기0번백악관<br><br>천=하늘ㅡ창조주하나님=창조ㅡ순서ㅡ자전공전ㅡ7,6창조완성=하늘법<br><br>6,25=6번가정=2차모대표심재임ㅡ중책맡은<br><br>6번가정ㅡ2차모대표ㅡ심재임ㅡ자모38한글ㅡ손을사용하시는ㅡ창조주하나님=주관<br><br>6,25=666ㅡ222ㅡ555<br><br>6=1956년=묘도동=996번지=출생<br>6=1976년=소장동=304번지=결혼<br>6=1996년=문수동=303호=자모38한글<br><br>2=26세=1982년=서주완출생=1여2남엄마<br>2=2631728=주민등록번호<br>2=2차=6번가정모대표<br><br>창조주하나님ㅡ췌종뜻ㅡ해독ㅡ기록맡은<br><br>1996년ㅡ996번지ㅡ561015ㅡ2631728ㅡ2차=6번가정모대표ㅡ심재임올림"
"[오늘장 K-스탁] 파죽지세 &#39;AI와 반도체&#39; 어디까지 봐야하나?ㅣ게임업종 &#39;메가트렌드&#39;는 정해져있습니다!ㅣK-스탁 라이브ㅣ한국경제TV","엔비디아 #반도체 #챗GPT #AI #위세아이텍 #솔트룩스 #마인즈랩 #바이브컴퍼니 #LG전자 #LG #서연이화 #모트렉스 #세동 #엔씨 ...","*오늘 방송 내용 *<br><br><a href=""https://www.youtube.com/watch?v=0PnfS7-uLVo"">00:00</a> 오프닝<br><br><a href=""https://www.youtube.com/watch?v=0PnfS7-uLVo&amp;t=16"">00:16</a> 엔비디아 호실적에 AI·반도체주 &#39;들썩&#39;<br><br><a href=""https://www.youtube.com/watch?v=0PnfS7-uLVo&amp;t=665"">11:05</a> 파죽지세 &#39;LG전자&#39;<br><br><a href=""https://www.youtube.com/watch?v=0PnfS7-uLVo&amp;t=918"">15:18</a> 엔씨소프트 아마존과 신작 공급 계약에↑<br> <br><a href=""https://www.youtube.com/watch?v=0PnfS7-uLVo&amp;t=1235"">20:35</a> &#39;비대면 소아진료&#39; 방침에 관련주↑<br><br><a href=""https://www.youtube.com/watch?v=0PnfS7-uLVo&amp;t=1528"">25:28</a> 현대두산인프라·오스템임플란트 돌연 급락<br><br><a href=""https://www.youtube.com/watch?v=0PnfS7-uLVo&amp;t=1764"">29:24</a> 임주아 → 성광벤드<br><br><a href=""https://www.youtube.com/watch?v=0PnfS7-uLVo&amp;t=1876"">31:16</a> 이상로 → 데이타솔루션 | 국뽕한테  돈받았냐? 여기자! | 이상한 댓글까지도 다 보고 있습니다 시청해주셔서 감사합니다! | 이여자 말도글쿠 왜케 끙끙대냐 | 소아과 새벽5시에 줄을서 헛소리아냐"
"음주 시동 잠금장치‥의무화 법안 15년째 계류 중 (2023.04.13/뉴스투데이/MBC)","술을 마신 채 운전대를 잡으면 시동을 못 걸게 하는 장치는 이미 나와 있습니다. 하지만 이걸 의무화하는 법안이 15년째 국회에서 ...","방지장치달고 면허다시주면 끝나고 깔끔하지 뭔 미친것들아20년을때려ㅋㅋ머리가무슨 아메바냐?벌금이랑 서금줄어드니까 안할려는 국회의 굳은의지 안보이냐 ? | 벌금겆을라고 머리쓰고있는 국회 뻔히보이이는데 뭘.음주자벌금으로 고립시켜놓고 세금겆고 또운전하라고 부추기는거밖에 안보인다. | 음주운전자에게 비용을 받아야지요 | 음주운전에  법만강화 할려면  음주운전시 징역3년 이상 으로  하면 방지됩니다 | 해외출장  ᆢ 한국이 선진국이 될수없는이유  나오네ᆢ ㅜㅜ 촉법 폭력 강간 살인  아시아 안전국가 5곳에서 급기야 2023년에 제외됨 하고 ᆢ"
"[현장연결] 윤대통령 &quot;간호법안, 직역간 과도한 갈등 불러 일으켜&quot; / 연합뉴스TV (YonhapnewsTV)","[현장연결] 윤대통령 ""간호법안, 직역간 과도한 갈등 불러 일으켜"" 윤석열 대통령이 오늘 국무회의에서 더불어민주당 주도로 처리된 ...","연금도둑질해서돈챙길려고연금적게주면뒤져 | 맨날거나하게정 책만늘어놓고실천을안해 | 국민만바라보는것이국민에게방사능오염수먹으라고하냐거짓말쟁이대통령 | 당신이쓴130  어도밝히고과세추징해야지 | 국가부채 1000조누가섰는디어떤부서에서  섰는지밝혀라"
"&quot;우주항공청 특별법안 추석 전 확정하겠다&quot; (2023.09.05/뉴스데스크/MBC경남)","지역사 채널의 동영상 링크(https://youtu.be/LUKbIGbyM-Q?si=VRswL7JaggOTd2hh) #우주항공청 #특별법안 #MBC경남 ...","ㅋ ㅋ ㅋ 과학기술원에 슈퍼 컴퓨터 전기세 없어 멈추웠어다. 윤이 과학기술 모든돈 : 0원 처리했다. 뭔개소리. 어휴 . | 반댈세 | 장제원이 꼬라지 보면 나가리 시켜야 마땅한데 국가미래가 달린 대사라 빈대보기 싫어 초가삼간 불싸지르듯 못하는게 안타깝군. | 쓸데 없는 짓 한다 | 💜"
"재건축 초과이익 환수제 완화 법안 국회 법사위 통과 / YTN","재건축 초과이익 부담금 부과 기준을 현행 3천만 원에서 8천만 원으로 완화하는 재건축 초과이익 환수법 개정안이 어제(7일) 국회 ...","미친 국개들 결국에 또 건설업자들<br>배만 불리는구나 굥가놈과 한패냐 | 윤석열대통령을. 비난하거나 욕하지마세요<br>대한민국이 이렇게 안전하고 먹고 사는것은<br>윤석열대통령의 정치 경제 치안 안보 정책덕분입니다<br>감사합니딘. 전북전주 송천동 산소망교회<br>10시주일에배 참석하여. 윤대통령 김건희여사님이.  복되고. 잘되고 건강하고 형통힌기늘 간절히 기도예배찬송드립니다<br>감사합니다. | 윤석열대통령 외교 안보 치안 경제 지지합니다<br>강력히 지지합니다<br>대한민국이 안전하니. 감사합니다<br>교회들이 문죄앙때 핍박받었는데 이제 안전합니다<br>.전북전주 송천동 산소망교회 21시 금요일<br>철야에배 참석하여 윤석열대통령이 국정운영 잘하고 건강하기를 기도드립니다<br>예배드립니다 찬송드립니다 | ㅋㅋㅋ...이거땜에 대장동으로 몇년 우려 먹더니 완화???<br>건설-검찰 카르텔 더 많이 해쳐 먹자는 수작이네..."
"국회, 오늘 오후 본회의‥수해예방 관련 법안 처리 - [끝까지LIVE] MBC 중계방송 2023년 08월 24일","국회는 오늘(24일) 오후 본회의를 열고 도시하천유역 침수피해방지대책법(도시침수법) 제정안 등 수해 방지와 피해 복구 지원을 위한 ...","국방부와 육사에 아베총리 동상 세워  친일을 널리널리 알리거라   바보의 말씀 이니라 | 여,야를 막론하고,입으로만 민생 대가리엔 온통 콩밭!謀利輩!!!!!! | 국회의윈 여러분 국민을 위한 의원입니까?<br>본인은 이렇게 부러게습니다. <br>전라도당. 경상도당으로 지칭하고 각당파는 무리수를 두어 국가발전에 집념으로 기여. 반대와 민주핑계. 가짜괴담으로 국가를 물말고 이북에 헌납. 과연 현실에서 진정한 국가를 위한 당이고 의원은 누구일까요.?<br>진정으로 고하오노니 당파 싸움은 이제 그만하고 무리가 있드라도 이해로 진정으로 국민을 위한 국회의윈의 국회가 되기를 한사람의 대한민국 국민이 바랍니다.ㆍ | 🟥일본산 랍스타 kg에 5000원  해야 오염수 괴담 중단시킨다. 좌파"
"여야 정책위의장·원내수석, 매주 화요일 만나 법안 논의 / YTN","여야는 양당 정책위의장과 원내수석부대표가 참여하는 '2+2 협의체' 회의를 매주 화요일 열기로 했습니다. 국민의힘 유의동 정책위 ...","여야노름 좀 집어치워! 정나미 떨어진다."
"[뉴스 &#39;꾹&#39;] &quot;내가 누군지 알아?&quot; 경찰 머리 친 예비검사 결국.. (2023.04.11/MBC뉴스)","예비검사 #임용 #법무부 c MBC&iMBC 무단 전재, 재배포 및 이용(AI학습 포함)금지.","검찰은 무조건 축소 개혁 대상! 안하무인 무소불위 조삼모사 | 뭐 저런 사람이 다 있어요?! 임용 취소하고 자격 박탈합시다 😡 | 선고유예! 기가막힌다 | ㅋㅋㅋㅋㅋㅋㅋㅋㅋㅋㅋ | 이게 로스쿨 수준인가..."
"IL 주 깃발 도안 변경진행법안, 주지사 서명[WIN TV AMERICA 뉴스투데이- 8월 9일(수)]신용카드 대금 1조 달러 돌파,2천만달러 상금 AI활용 소프트웨어 취약점 찾기","시카고 한국일보 전자신문 보러가기 아래 링크를 클릭 하세요 https://chicagokoreatimes.com?sub_confirmation=1 1.정부, 2천만달러 ...",""
"결혼·출산 3억 원까지 증여공제...예산부수법안 처리 / YTN","내년부터 결혼·출산 시에 3억 원까지 증여세를 공제하고, 월세 세액공제 한도는 천만 원까지 늘리는 내용의 세법 개정안이 국회 본회의 ...",""
"&#39;가상자산&#39;, 입법 첫 문턱 넘어…법안 핵심과 한계는? / SBS","〈앵커〉 유럽연합이 세계 최초로 가상자산에 대한 규제 법안을 시행하기로 했습니다. 자격을 취득한 사람만 가상화폐를 발행할 수 ...","세금 걷는  준비 하는건가??? | 2단계도 빨리 진행하자 뒷돈 받고 상장시키는 거래소가 있다 상장 부조리때문에 정직하고 건실한 블록체인 기업들과 그 투자자들도 피해를 보고있다 | 안철수 목소리 | 대한민국에서는  ㅡㅡㅡ코인   거래    ㅡ없애버릴것   명령하달하라🔥🔥🔥👽👽👽👀👀👀👀👀👀👀 | 여/야 정치인들도 코인을 이빠이 하니 법안 통과가 절대 될수 없다ㅋㅋㅋ 아마도 5년정도 걸리지 않을까🥰"
"[현장] 오늘 &#39;쌍특검&#39; 법안 처리…여야 전운 고조 / SBS","〈앵커〉 오늘(28일) 오후 국회에선 올해 마지막 본회의가 열립니다. 국회 연결해서 현장상황 알아보겠습니다. 박찬근 기자, 오늘 ...","대통령이 아니라<br>여행 부부를 뽑았음 | 많이 응원합니다 | 쌍특검이 답 | 죄송합니다.<br>해야지.죄를지은놈이.뻔뻔하게.. | 챙피가 뮌지도모르는사람들아."
"국회, 오늘 오후 본회의‥수해예방 관련 법안 처리 (2023.08.24/뉴스투데이/MBC)","국회는 오늘 오후 2시 본회의를 열고 여야가 입법에 합의한 수해 예방 관련 법안을 처리합니다. 앞서 국회 법제사법위원회는 어제, 국가 ...","국회가 제역할을 못하고 있다 국민들이여 깨어납시다 | 국회가 뭔 의미가 있나..보이콧해서 싸워라 국민이 이정권 하에 더이상 있고 싶지 않다. | 국회의장이 룬시바다리 | 탄핵발의!!!!!!!!!!!!!! | 국회의장의 제명을 요구합니다."
"이스라엘 우파, ‘사법부 무력화’ 법안 결국 처리…후폭풍 거세 [9시 뉴스] / KBS  2023.07.25.","이스라엘 네타냐후 정권이 사법부의 권한을 대폭 축소하는 법안을 통과시켰습니다. 행정부의 주요 결정에 사법부가 사실상 관여할 수 ...","국기만 바뀌고 같은 일이 있을수도 | 원래 이스라엘을 건국하고 키브츠를 만들고 민주주의 국가를 만든 것은 좌파였는데 결국 히틀러 국가로 가고 있다. 아이러니~~ | 이스라엘 나락갔네 .. 네타냐후 땜에 이란 핵 개발 거진 완성상태던대 .. | 남의일이 아니다. | 문재인에게 사법부를 개혁하라는 특명을 주었더니 사법부에게 정권을 내 준 놈이 되었다. 네타냐는 자기 살려고 사법부 무력화를 시도하고 울 나라는 국민이 살려고 사법부를 무력화 한다."
"미국 채무불이행 위기 넘겨…부채한도 상향 법안 하원 통과 / KBS  2023.06.01.","미국 정부가 채무불이행, 디폴트 위기를 넘길 수 있게 됐습니다. 이른바 엑스 데이트, 채무불이행 최종 시한을 5일 앞두고 부채한도를 ...","역시 저언혀 아무일없쥬 킹스피는더오르구요 다죽어보즈아 | 돈찍어내는 기생충들...<br>전쟁이 나야 무기 팔어 먹고살텐데...<br>햄버거 하나에 3만원 사먹게 생겼다. | 쇼....왜 미국의 디폴트 때문에 전 세계가 공포에 떨어야 하는지...단지 지들이 쓸 달러를 찍어내기 위한 쇼인데...달러가 기축통화 지위를 잃어버러야지....저 꼴을 안보지...이참에 좋은 가상화페 하나 골라 기축통화로 만들자.. | 지들끼리 짜고치는 고스톱ㅋㅋㅋㅋㅋ 어차피 통과 시킬거면서 쇼를해요 쇼를.... | 뭐 해마다 어차피 한도늘려서 통과되던게    사람들 별관심도없는데 연일 뉴스거리가 되네"
"[뉴스외전 정치 맞수다] &#39;노란봉투법&#39;‥&quot;노동권 보장&quot; &quot;불법 파업 조장&quot; (2023.02.22/뉴스외전/MBC)","출연: 국민의힘 이언주 전 의원 / 더불어민주당 박수현 전 의원 -------- '노란봉투법' 야당 단독 의결‥평가는? 박수현 ""파업 이후 사측 ...","노란봉투법이 통과하면 불법이 아니라 합법인 거잖아. 기업들이 좀 적당히 했으면 이런법이 안 생겼겧지 | 이렇게돼면 하청에서 만드는 모든 부품 수입에 의존 할수도 ;; | 국민통합을 이끄러야할 사람이 갈등을 만드니 한심스럽다 | 입장 바꿔바라<br>고생해서 기업 일궈놨더만 허구헌날 대모하고 점거 농성하고<br>자빠져있으면 뭔 기업을 운영하냐!? 이민가서 딴나라에서 기업하지..<br><br>타워 크레인에 대한 노조점거를 알고 점마는 말하는거냐<br>민노총 파업으로 근로자 혜택보다 민노총 간부 배 처 불리는 일 뿐이자나<br><br>기업의 문제도 있지만 기업이 없으면 노조도 없자나..<br>긴시간 제대로된 회의를 거처서 다시 합의하는게 좋은 방법이다. | 앞으로 삼성,SK 불법 파업 들어간다 외국 기업들이 투자 잘하겠다ㅋㅋㅋ"
"프랑스도 적극적 안락사 도입하나…&quot;수개월 내 법안 마련&quot; [글로벌브리핑] / EBS뉴스 2023. 04.  04","https://home.ebs.co.kr/ebsnews/menu2/newsVodView/noon/60335730/H?eduNewsYn= [EBS 뉴스12] 프랑스 정부가 가망 없는 ...","유럽은 그래도 인간의 존엄성을 생각하는구나 | 나중에 나이듦면 프랑스가야겠다.프랑스어 배워두길 잘했다~! | 희망도 없고 고통만 가득한사람들이<br>사랑하는 가족들에게 고통을 대물림하지않도록 배려하면서, 악용되지 않게 <br>제도적 안전장치와 법을 강하게 만들고 <br>선택할 권리를 줘야죠. <br>최소한의 논의라도 하던지<br>몸도 아픈데 왜 마음까지 아픈채로<br>생을 마감지어야합니까?<br>태어날때 권리가 없었듯 <br>갈때도 없어야하나요?<br>내가 이나라 사람으로 살다가<br>행복하게 죽을 권리에 대한<br>최소한의 존중은 불가능한걸까요? | 한국도 어서 안락사 허용해라!!! | 부럽다 진짜"
"드론·로봇도 택배 운송에 활용 법안 국회 통과 | 과학뉴스 23.12.22","드론과 로봇도 택배에 활용할 수 있도록 하는 내용의 생활물류서비스법 개정안이 오늘(20일) 국회 본회의를 통과했습니다. 택배 운송 ...","택배빨리받아서 좋기는한데<br>택배기사들 일자리가 로봇에밀려 사라지는것들이<br>안타깝네요. 앞으로 점점 인간의 일자리를 로봇이 대체하면 서민들은 뭐먹고살아야 하는지"
"&#39;18세의 신체를 갖는 게 목표입니다&#39; 억만장자의 회춘 실험 - BBC News 코리아","미국 기술 기업가이자 억만장자인 브라이언 존슨(45)은 과학 기술로 신체 나이를 되돌리는 게 가능하다고 믿는다. 존슨은 매일 격렬한 ...","세포나이는 몰라도 뼈와 연골나이는 되돌리면 기적일껄 그건 | 얼굴보면 40대 중반 같아요 | 개발된다고 한들 비용이 어마어마할듯. 일단 인당 천억부터 하지않을까. 그래도 할 사람들 줄설듯. | 근데 50정도로 보이는게 씁슬 | 55세 같은데..."
"&#39;의료용 대마&#39; 합법화 법안 日 국회 통과..우리는? (2023.12.27/뉴스데스크/안동MBC)","지역사 채널의 동영상 링크(https://youtu.be/fNNUrI4lbB8?feature=shared) #의료용대마 #합법화 #안동MBC c MBC&iMBC 무단 ...","의료대마의 CBD성분은 우울증,불안증,불면증,항염,항암,진통,면연력증진,치매예방,뇌전증완화에 도움을 주는 의학적 가치가 미쳐버린 어마어마한 물질임, 이 대박 효과에 비타민 보다 적거나 비슷한 수준의 안전성을 가진 말도안되는 끝판왕 물질임, 일본은 이미 임상 끝내고 전국적으로 음료나 건강식품 형태로도 대중화 되었음 | 대마자체를 의료 뿐만 아니라 태국처럼 합법화 해야된다고 본다.<br>물론 부작용도 있겠지만, 대마까지는 괜찮음. 일부 고리타분한 놈들이 큰일날 소리라고 하겠지만, 대마는 술과 같다. 마약까진 아님 솔직히 | 대마가 블루오션 산업일것 같습니다 일본이 규제를 풀면 지리적으로 가까운나라 우리나라도 이용규제를 완화될가능성 있다생각합니다<br>역사적으로 우리나라 서구권문화 문물은 대부분 일본을 거쳐서 들어왔는데 이또한 따라갈듯 | 지랄을해라 그게 될거라고 생각하냐?그래서 프로포플은 그렇게 해대고 펜타닐은 잘 사용중이냐? | 저거 없어도 대채할 약 많은데 왜"
"폭행에 극단 선택까지 ‥ 교권보호 법안도 지지부진 / EBS뉴스 2023. 07. 21","https://home.ebs.co.kr/ebsnews/menu2/newsVodView/noon/60373895/H?eduNewsYn=#none [EBS 뉴스12] 이렇게 학생을 지도 ...","악성학부모, 폭력학생, 분노조절장애, adhd 학생들 때문에 매일이 지뢰밭입니다. 현직 교사중 아동학대 고소, 협박 당하지 않는 사람 아무도 없습니다. | 국개들이 진짜 문제다 다 사형시켜라 | 악성갑질학부모민원만연 교권침해 <br>너무나 심각합니다<br>교권침해 법으로 보장해주십시요"
"與, &#39;구리시 서울 편입&#39; 특별법안 발의...&quot;다음은 하남&quot; / YTN","국민의힘 뉴시티 프로젝트 특별위원회는 경기도 김포시에 이어, 구리시의 서울 편입을 위한 특별법안을 발의했습니다. 조경태 특위 ...","이번총선 무조건 국민힘 찍어야 | 이러다 대구까지 오겠네 | 저거 편입해도 예산은 오히려 줄고 여러 편의시설 개편은 더 미뤄진다며? 총선용 쑈인거네 | Ktx로 서율에서 네시간 안에 도착할 수 있는곳은 모두 서울로. | 이건 몰 하자는건지..  하는꼴보면 답없노 빨리 정권 바뀌어야"
"尹, 국가보훈부 승격·재외동포청 신설 법안에 직접 서명 / YTN","윤석열 대통령이 국가보훈부 승격과 재외동포청 신설을 담은 '정부조직법' 공포안에 직접 서명했습니다. 전자결재가 도입된 이후 ...","매국노다 단죄하자 | 완용아~~~ | 윤완용 | 리짜이밍 더듬당 지지자들 꼬우시면 중국으로 꺼져주세요 훠훠 ^^ | 대 석 열"
"&quot;중소기업 기술 훔친 대기업 손해배상 한도 확대&quot; 법안 통과 / YTN","중소기업이나 스타트업의 기술을 부당하게 훔친 대기업에 대해, 징벌적 손해배상 한도를 확대하는 상생협력촉진법 개정안이 국회 ...","삼성.현대가 대표적이지 | 의대 열풍의 이유<br><br>징벌적 손해배상도 아니고<br>5배로 조금은나아지려나? | 민주당 발의 법안은 서민을 위한 법이다!! 민주당 화이팅!! | 법은 평등을 잃으면 법이 아니다. <br>졸업장을 빼앗는 것이 옳은 법이냐? | 제발 국회의원들아. 제발 서로 싸우지 말고 지금처럼 필요한 법들을 통과시켜라."
"與 &quot;김포 등 수도권 서울 편입 법안 이번 주 발의&quot; / YTN","국민의힘이 김포시를 비롯한 수도권 도시의 서울 편입을 위한 법안을 이번 주중 발의하겠다고 밝혔습니다. 국민의힘 '뉴시티 프로젝트' ...","역시 조경태. 이런분이 총리해야해. 약속하면 지키고 해내는 분. | 부천도 해주세요 제발!! | 지방분권어디가고또다시누더기서울4~50년전부터서울로서울로지방은망해가고서울공화국(박수치는국민들뭐지???? | 중요한건 팩트가 무었이냐가 문제다  왜 허필 총선이 다가오니 말이나오는가 미리 애기가 나오면 문제삼는 분들이 적을것이다 | 지지율 떨어지니 능력도 ㅈ도 없는 것들이 발악을 하네."
"&#39;간호법&#39; 통과‥&#39;쌍특검&#39; 신속처리안건 지정 (2023.04.28/뉴스투데이/MBC)","어제 국회에선 간호법과 의료법 같은 쟁점 법안들이 국민의힘 의원들이 퇴장한 가운데, 야당 주도로 본회의를 통과했습니다. 야권이 ...","박영수 강력하게 수사하라!<br>이게나라냐! | 민주당은 나라 망치는당 말썽만 피우는 말썽당 돈봉투 전달하는 돈봉투당 골치아픈 당 | 진즉 했어야했는데 이낙연계 수박들이 질질끌며 반대했었지 | 참.. 쓰레기 당이야 너네말야 국짐 | 김기현은 무능력하다 당대표직을 내려놓아라"
"김진태, &quot;지하철 김포 노선 예타 면제 법안 유감&quot; / YTN","더불어 민주당이 지하철 5호선 김포 연장 노선의 예비타당성 조사 면제 법안을 단독 의결한 것과 관련해 김진태 강원지사가 '수도권 ...","강원도지사가 국세 80조 말아먹음 | 아주 xx 당신이 망쳐놓은 강원도나 제발 좀 일좀 하고 신경써라 두번 다시 보고 싶지않지만 있는동안은 사고 좀 치지마라 | 예산 좀 먹으려는데 김포로 가니까 배아퍼 저러는거 아닐까? 기자회견까지 하는거 보니 김포 5호선 확정이네. | 저 사람이 그 사람이오?<br>그 돈 없다고 돈 못준다고 했다가 난리나니까 돈 뱉어낸 사람 | 정치적으로 김포를 이용하기위해서...  ? 김진태 너는 주둥이 닥치세요. 지금 김포시민들은 교통지옥에서 해방되기만을 바란다. 예타면제가되든 안되든 김포랑 상관없는 강원도도지사주제에 주둥이를 함부로 놀리지마라.   출퇴근시간에 호흡곤란을 초래하는 김포골드라인을 한번이라도 타봤냐 ?   서울편입보다 예타면제되서  지하철연장이 되는것이 더 시급하다.예타면제는 왜 방해하는데. ?  정치적으로 이용하려고 ?  국힘당은 말만 김포를 위하는척 하는거냐 ?  속이 훤히 보인다. 지하철 5호선이나 연장시켜라. 인천검단이 김포지하철에 숫가락 얹으려고하는 수작이나 막아줘야지... 김포가 차량기지이전에 건폐장까지 떠안고 왜 검단에게 지하철역을 세네개나 양보하라는거냐 ?  검단 102역  하나만 허가하고 김포장기역까지 스트레이트로 가자. 왜 김포라인인데 검단으로 돌아가냐고 ?  인천시가   김포라인에 편승하려는 특혜를 없애라.  인천검단은 GTX에 인천지하철까지 이미 충분하다."
"하창봉 | K칩스 법안, 반도체주 전략 _ 230214 양봉선생","출연자 정보 하창봉 파트너 (한국경제TV 와우넷 소속) 섭외 및 광고 협찬 문의 ☎1599-0700 장중 무료 온라인 특강 정보입니다.","항상  알아서 잘 설명해주셔서 감사합니다 | 노란색옷 잘어울리시네요  봄이오나봐요 | ㅋㅋㅋ | 오늘 병아리의상 여태까지 뵌중 젤  잘 어울리시네요   강의 잘 듣고 있습니다  감사합니다 ^^ | 화사한 봄이네요"
"윤 대통령 &#39;양곡법 거부권&#39;‥ 민주 &#39;반발&#39; (2023.04.04/12MBC뉴스)","윤석열 대통령이 지난달 국회 본회의를 통과한 양곡관리법 개정안에 대해 거부권을 행사했습니다. 포퓰리즘 법안이자, '쌀 매수 강제 ...","갈등을 부추켜  그 중 다수를 차지하는 상대적 약자로부터 정치적 이득을 얻고자 하는 야당의 잔꾀임.   퍼주기 포퓰리즘으로  자기들이 약자들을 옹호하는 척도 하면서 이를 반대하면 적으로 몰아세우는 북한식 반동 정치임.  민주당의 특기는 바로 이런 식의 대결, 보복, 분열, 퍼주기, 모함, 반외세 정치로 가득차 있음. 겉으로는 민주투사, 약자의 대변자  뒤로는 독재와 비리, 무지, 무능,  방임으로 가득차 있음.<br><br>자기들이 약자 편이라는 프레임을 만들고 싶은 것임.    이는 민주당 세력이  반일, 반미등 갈등을 부추켜  민족주의를 자기들 정치 토양으로 만들고 보수를 미국 일본의 앞잡이로 몰아붙이는 것과 같은 맥락임.  좌파들은 이미 이를 교육에 포함시켜  계층갈등과 민족주의에 민감한 청소년들을 정치 세력화하고 있음.  이는 김정은의 &#39;우리민족 끼리&#39;라는 주체사상을 각색한 선전 선동 전술과도 맞닿아 있음.  국민들은 민주당의 잔꾀에 넘어가지 말아야 함.  국민은 이런 분열을 통한 정치적 이득이 통하지 않을 것임을 보여 줘야 하는 숙제를 안고 있음. | 대한민국 대통령 오직 윤석열 최고 지도자 다 민주당 좌파가 원하는것은 이남에서 많은쌀을 생산 이되면.이북으로.몰래보낼 놈들이다.그래서 민주당 좌파 빨갱이 맛다 | 시골에  사는 귀촌인입니다.  벼농사  농민들  엄청 부자들입니다. 재산 10- 30억수준 농부들 수두룩합니다.  국내쌀값  국제시세  대비  10배수준입니다.  쌀값하락은  당연지사.   벼농사 장비와 벼처리 체계가 기계화 자동화 현대화 되어  벼농사는  힘들지 않고  고수익이니 너도나도  벼농사하겠다고  논 쟁탈전이  벌어짐. 이로인해 논값은 폭등하고  덩달아 밭농산물과  밭값도  오르고, 거기다 태양광패널설치로인해 토지값은 가일층 오르고,(농지 투기 상황)  도시 노동자  서민들 식비,생활비가 올라 임금 올려달라고 아우성이고,  쌀값보전하느라  엄청 국고(국민의 혈세)낭비하고 ㅎㅎ 쌀값올려봤자  논 부자들만  엄청 이득을 보고 도시와 농촌의 서민들에게는 별혜택이  없게 됨.<br>쌀값하락은 생산성향상으로 일어난 자연현상이니 가일층 기계화, 자동화, 무인화, 로봇화, 대규모 영농법인화(농민들은 지분 참여) 하여 더더욱 생산성을 향샹시켜, 쌀값을 내려 국제시세와의 갭을 줄이고  고품질 농산물을 생산하여  국제경쟁력을 키워야 합니다.  또  벼농사 지원은 쌀값보전보다는  미국 등 선진국처럼 대규모 영농법인화를 지향하여,  생산원가를  대폭 낮추고, 또 밀,콩 잡곡류 농사를 적극 권장,지원하여 식량자립을 이루고 국민건강을  지켜내야합니다.  국민 대부분이 수입 밀,콩  등 (고농약+방부제+유전자조작)곡물을  먹고 있찮은가?  부자들은 유기농이니 친환경이니  비싼 농산물 먹고있고,  빨리 이를  해소해야혀! 국민의 혈세로 쌀값보존 주장하는 저질 정치인 배후에는  논 부자들이 있음.  에효! | 콩깨잡곡 대처작물전환해서 쌀값 안정화하세요.다른작물들은 모두수입하는 이유가 쌀만생산하는 농민들도 문제 | 정권교체실감되네악법청소정당하다"
"정당 현수막 &#39;읍·면·동 2개 이내 제한&#39; 법안 국회 법사위 통과 / YTN","내년 총선을 앞두고 정당 현수막 개수를 읍·면·동 행정 면적에 따라 2개 이내로 제한하는 법안이 국회 법제사법위원회를 통과했습니다.","제발 제발 역겨운 헛소리들만 가득한  현수막좀 치워라 어우... | 1개의현수막에<br>민주 국힘 정의 기타 듣보당 다 싹몰아넣어서 문구만 한줄식 ㄱ | 정당현수막 진짜 ㅅㅂ 2개도많아 시단위로 딱 1개만해 | 언론의 자유가 보장되지 않는 상황에서 현수막 이외에 별다른 대안이 있습니까?"
"&quot;자유와 장기, 선택하세요&quot; 미국에서 논란 중인 법안 / SBS / 오클릭","미국에서 죄수들이 장기를 기증하면 감형을 받을 수 있도록 하는 법안이 발의돼 논란이 되고 있습니다. 〈오! 클릭〉 세 번째 검색어는 ...","민주당 의원이란걸 왜 보도 안 하냐? | 장기 기증 하면  감형 해주는 방법  미국은 좋은  나라 군요 | 좋다고 본다 | 이제, 부패경찰이랑 의사 카르텔로, 흑인이나 히스패닉쪽 면역코드 맞는 사람들은 돈많은 중환자의 의뢰에 따라 없는 죄도 만들어서 엄청 잡혀가겠네 ? | 대한민국현대사회 악의 근원이 대개<br>서구물질주의임 이런 식으로 입증되<br>며 그것은 여성이남성보다 되레더함"
"전통주 제조에 쌀 사용 확대…쌀 소비촉진 법안 발의","양곡관리법 개정이 무산된 이후, 쌀 수급안정을 위한 후속대책 논의가 이어지고 있는데요. 이 가운데 쌀을 전통주 제조에 사용하는 '쌀 ...",""
"윤석열, 스스로 레임덕. 환영해 | 안철수 AI규제법안 계류? 미래 계류 | 엑소 디오, 대기실 전자담배? 개념 챙겨야","윤석열은 스스로 레임덕 분위기를 만들어 갑니다. 그것도 급박하게 | 안철수 의원의 AI규제법안이 계류되고 모든 법안들이 대부분 계류 ...","해석도자유 착각도 자유 마음껏 씨부려라 | 언론탄압 문정권도 마찬가지였다 | 윤도리도리상은 빨리 레임덕이 와야 해요. 하루라도 빨리. 이 나라 속 시끄럽습니다. 줌줌님 화이팅."
"교권보호 법안 얼마나 마련됐나‥계속되는 교사들의 분노 (2023.09.04/뉴스데스크/MBC)","교육당국은 교권 회복을 위한 대책을 내놨고, 국회도 개선안 마련에 나섰습니다. 그런데도 교사들의 집회는 계속해서 이어지고 ...","딴건 몰라도 고등학교 교사들 교권은 보호해주지 말길<br>고등학교 교사들은 처맞아도 싸 | 현정부는 걍 쓰레기 정부 <br>국민 1도 생각 안하고 일도 안하는 정부. <br>걍 꼰대들 표만 얻을라 하는 최악 정부. | 선생님 처우 좀 신경 많이 씁시다 | 교사 보호법도 중요한데 여론 물타기 하지마라 아직도 선생중엔 좌파 성인지 교육을 애들에게 세뇌시키는 선생도 있다 교권보호법 잘못 만들면 그런 쓰레기들까지 보호하게 된다. 그리고 현재도 전교조들 좌파성향이 70%이상이다. 지금도 버젓이 애들 선동해서 시위장에 어린 학생 데리고 다니는 미친  선생도 있다는걸 잊진말자. | 교권 같은 소리하고있네<br>너네들 야구배트로 패고다닌건 기억안나고?"
"오늘 &#39;간호법&#39; 재표결‥법안 폐기 반복되나 - [LIVE] MBC 930뉴스 2023년 05월 30일","오늘 '간호법' 재표결‥법안 폐기 반복되나 - [LIVE] MBC 930뉴스 2023년 05월 30일 ""뉴스가 보입니다” 함께 분노하고, 함께 감시하고, ...","<a href=""https://www.youtube.com/watch?v=FRf6jVpZN68&amp;t=726"">12:06</a>  부산발 서울행 무궁화호 | <a href=""https://www.youtube.com/watch?v=FRf6jVpZN68&amp;t=725"">12:05</a>  서울발 부산행 무궁화호 | <a href=""https://www.youtube.com/watch?v=FRf6jVpZN68&amp;t=725"">12:05</a>   <a href=""https://www.youtube.com/watch?v=FRf6jVpZN68&amp;t=726"">12:06</a>"
"&quot;절대 안 들켜요&quot; 위장 카메라 범람...법안은 8년째 무소식 / YTN","모자 형태 등 각종 위장 카메라 규제 없이 판매 전자상가에서도…명함지갑형 등 위장 카메라 취급 전문 장비 없이 맨눈으로 카메라 ...","사간 사람 관리 하는 거랑 신기술 발전이랑 뭔 상관 관계가 있는 거지 ㅋㅋㅋㅋㅋ<br>졸라 이해가 안 가는 논리네 ㅋㅋㅋㅋㅋ<br>몰카범을 위해서 신기술이 발전돼야 하는 거라면 그냥 없는 게 낫지 않겠냐.<br>적당한 규제는 오히려 사람들에 안전과 기술의 발전을 불러 온다고 믿는다. | 카메라가 많아져야 조심하고 다닌다. | 금방 알아볼 수 있습니다. <br>인형 눈알을 붙혀보신 분들은 압니다. <br>단추처럼 반원으로 된 눈알은 만지면 <br>추측할 수 있는 것이 뒷선이 없기 때문입니다. | 국회의원들이 쓰고 있나요? <br>그래서 법이 통과되지 못하고 있을까요? | 국개의원들 월급 주지마"
"국회 행안위, `의원 코인 재산등록 의무화` 법안 처리 예정 - [끝까지LIVE] MBC 중계방송 2023년 05월 24일","국회 행정안전위원회는 오늘(24일) 전체회의를 열고 국회의원 등 고위 공직자의 가상자산(코인) 재산등록을 의무화하는 `공직자 ...","더불어 돈봉투당  더불어 코인당  더불어 만진당 더불어 돈좋아라당 더불어 내로남불당 | 공무원 했던 국회의원 재산이 수백억이면 이게 이해되나요 똥 .  코묻은 부정한 돈  쓸어 모은건가요. | 코인투자는 합법이고 주가조작은 불법이다 김거니나 수사해라 | 장의원님 국민을 위한 일을 허기전 집안 자식 간수 잘했으면 하네요"
"6개월간 회의 &#39;0&#39; 법안도 &#39;0&#39;‥문 닫은 여성가족위원회 (2023.12.20/뉴스데스크/MBC)","오늘 국회 본회의에선 130여 개의 밀린 법안들이 한꺼번에 처리됐습니다. 그런데 단 한 건의 법안도 올리지 못한 상임위원회도 ...","내년에 여가부 인상올린다는데 실화냐 | 공약이라면서 아직도 문을 닫지 않는 것은 무슨 망발인가요? 공약을 바꾸든지 없애든지.  그저 여론의 눈치만 보고 있는 <a href=""http://www.youtube.com/results?search_query=%23%EC%9C%A4%EC%84%9D%EC%97%B4%EA%B5%B0%EC%95%84"">#윤석열군아</a>, 제대로 좀 해라!! | 여가부 빨리 폐지해라 | 여가부 빨리 없애 | 후임도 없고 개판이구만....와...어지럽네...잼버리 잘만말아먹고....;;"
"게임학회 &quot;위메이드, 국회 로비 가능성&quot;…김남국은 법안 발의","민주당이 자체 조사에 들어갔지만 한발 늦었다는 비판이 많고, 의혹은 멀찌감치 달아나고 있습니다. 단순한 이해충돌이 아닌 업계 전반 ...","중국메뚜기떼랑 손잡은 쓰레기들 애미구멍에 공구리처라 | 왜 대선시점에 게임코인 모두팔았나? | 별 미친놈이 국회의원을 하나 했더니 역시나 미친만 하는구만... | 사기군들 소굴었어  봉투당  전과당  뮈야 이래도 국민들은  모르남  환장 하것지요  에구야  !? | 이일을 우째 더불어안에서  재앙덩어리가  도독소굴로   아이구야  !?"
"[오늘장 K-스탁] 초거대 AI시대 &#39;K-반도체&#39;가 주도한다ㅣLG전자, 가치 재평가 기대..수주잔고, 실적 호재ㅣK-스탁 라이브ㅣ한국경제TV","반도체 #LG전자 #오아시스 #씨에스윈드 #삼성전자 #SK하이닉스 #오픈엣지테크놀로지 #큐알티 #엠케이전자 #AI반도체 #기업실적 ...","*오늘 방송 내용 *<br><br><a href=""https://www.youtube.com/watch?v=m0zXB4s0NqY"">00:00</a> 오프닝<br><br><a href=""https://www.youtube.com/watch?v=m0zXB4s0NqY&amp;t=14"">00:14</a> 반도체 빅뱅에 웃는 &#39;K반도체&#39;<br><br><a href=""https://www.youtube.com/watch?v=m0zXB4s0NqY&amp;t=411"">06:51</a> LG전자 주자 재평가 기대!<br><br><a href=""https://www.youtube.com/watch?v=m0zXB4s0NqY&amp;t=1022"">17:02</a> 흑자로 &#39;턴어라운드&#39; 할 기업 주목<br> <br><a href=""https://www.youtube.com/watch?v=m0zXB4s0NqY&amp;t=1439"">23:59</a> 오아시스 너마저, 상장 철회 왜?<br><br><a href=""https://www.youtube.com/watch?v=m0zXB4s0NqY&amp;t=1605"">26:45</a> 씨에스윈드 중장기 성장은 유효?<br><br><a href=""https://www.youtube.com/watch?v=m0zXB4s0NqY&amp;t=1789"">29:49</a> 염정 → 알체라<br><br><a href=""https://www.youtube.com/watch?v=m0zXB4s0NqY&amp;t=1958"">32:38</a> 이기택 → 태광"
"&#39;정당한 생활지도 아동학대 미처벌&#39; 법안 법사위 통과 / YTN","교사의 정당한 생활지도를 아동학대로 처벌하지 못하도록 하는 아동학대처벌법 개정안이 오늘(7일) 국회 법제사법위원회 문턱을 넘었 ...","정당한 생활지도인데 지 애새끼한테 뭐라했다고 옘병 떠는 엄마들, 잘나신 당신들이 애 교육 시켜~ 학교 분위기 흐리지 말고. 지금 초등학교 애들 엄마 나이대 평균 30~40대 초, 많으면 중반으로 예상하는데, 도대체 저 나이대가 태어나던 시기에 이 나라에 뭔 일 있었냐? 당장 10년 전보다 정신나간 엄마들 소식을 접하는게 많아진 게 체감이 될 정도다.."
"삼성생명법 논의 또 &#39;삐걱&#39;…정무위 법안 상정 &#39;불발&#39;","[앵커] 최근 국회는 본회의를 앞두고 이런저런 법안이 소위원회 문턱을 넘고 있는데, 법안에 따라선 경제에 미치는 영향도 적잖은 경우 ...","민주당이 국가경제 망하게 할려고 저런 쓰레기 법을 만드네요 <br>국민들이 들고 일어서서 삼성을 보호해야<br>합니다  정상적인 국민들이 뭉처서 민주당 정의당 선거때 한표도 주지말고 민주당<br>정의당은 사라저야 할당 입니다<br>민주당 정의당 공산당 해체<br>범죄자 당들 고구마 줄기처럼 전부다<br>연결되있는 범죄자들 반드시 천벌 받을<br>꺼다  범죄자당들 | 삼성전자 주식만큼 안정적인 것이 없으니 <br>많이 들고 있을수록 삼성생명의 재정건전성은<br>안정적일텐데.  삼성이 잘나가는 거 보기 싫은<br>민주당에서 낸 법인가 봅니다.  참 생각하는 수준이 나라 말아먹는데 최적화 된 것 같네요 | 삼성해체법을 만들면 국가와<br>국민에 무슨 이득이 있는가?<br>아까운 세비타먹고 별짓 다하네.  국가를 망하게하려고<br>작정한 정피꾼들 삼성전자가<br>외국주주에 넘어가면 어떻게<br>할것인가?  너네들 이 타는 <br>세비도 삼성전자에서 나온다<br>멍청이들아! | 그만좀 해라....상속세12조내서 지배구조고 뭐고 경영권방어자체가 어렵다...글구 삼성생명과 삼성전자 주주로서 결사반대다 삼성전자같은 초우량주를 공산당이냐??왜 팔으라마라 하냐 | 관심이 없어서일까?"
"국회 교육위원회 전체회의..&#39;교권보호 4대 법안&#39; 의결 예정 - [끝까지LIVE] MBC 중계방송 2023년 09월 15일","국회 교육위원회는 오늘(15일) 이주호 교육부 장관 등이 참석한 가운데 전체회의를 열고 초중등교육법, 유아교육법, 교원의 지위 향상 ...","전국 모든 초등학교 중학교 고등학교의 동서남북 cctv를 설차하고 학생 성적 범죄에 대하여 가까운 파출소 경찰서와 직통전화를 연결하고 검찰과 연계하여 바로 성적 범죄에 대하여 기소하여 학생들의 성적 범죄를 척결하도록 하라 필요시 규정을 만들어 총기 사용을 하도록 하라"
"[과학뉴스] 잠재적 살인 &#39;음주운전&#39; .. 음주 후 시동 금지 법안은 국회서 10년째 &#39;발의&#39;, &#39;폐기&#39; 반복 중 / 23.04.20","[앵커] 최근 배승아 양처럼 음주운전으로 목숨을 잃는 사고가 잇따라 발생하면서 술을 마시면 아예 시동을 못 걸도록 차에 장치를 달자 ...","국회는 저들 자리보전만관심있지, 대표가 음주운전범인데..<br>패스트트랙으로 처리해야하는데 국회의원수를 절반으로 줄이자! | 차탈때마다 불어야 하는건가?<br>AI를 이용하면 취한사람 정상인 사람 구분은 될 것도 같은데...  쪼금 먹은 사람은 구분이 어렵긴 하겠넹... <br>아래 댓글처럼 처벌을 강하게 하면 되겠네... 음주운전 걸리면 원아웃으로 박제하고, 해당 차한대값 벌금에 면허취소! 면허 시험 10년간 박탈!!  이런거로 걸리면 ... <br>그래도 할놈이 있겠지.. | 도입시키자 음주운전은 습관이니 걸리면 몇 천만원이 들든 의무장착 시키고 의무를 안 지켜도 면허를 박탈시키자 | 피해자만 젓갈되는 세상 이게 인권이냐?? | 원천 봉쇄는 없어요."
"&quot;종노릇&quot; 대통령도 한숨...&quot;횡재세 걷자&quot; 법안 발의까지  / SBS 8뉴스","〈앵커〉 지난해 우리나라 주요 은행들의 평균 연봉이 1억 원을 넘은 걸로 나타났습니다. 금리가 계속 올라서 다들 힘든데, 은행들은 ...","공기업직원들이 백성들돈으로 미친듯이 놀고먹네. | 나라꼴 잘돌아가겠다!<br>생산성도없는 돈놀이하는것들이 돈은 다쥐게하고있으니...<br>국민 낮은금리로 대출 날려놓고 멋대로올려서 국민등골 파먹겠다는거냐! | 금리 인하  국민청원 올려주세요 | 소득이 높아야 세금  세수도 늘것 아닌가? 다들 최저임금만 받으면  소는 누가키울것인가? | 은행이 이자 장사하지. 뭘 장사하나? 어이없네."
"국회 본회의, 양곡법 상정…與하영제 체포동의안 보고 - [끝까지LIVE] MBC 중계방송 2023년 03월 23일","과잉 생산된 쌀의 정부 매입을 의무화하는 양곡관리법 개정안이 오늘(23일) 국회 본회의에 상정, 표결 절차를 밟을 예정입니다. 국민의 ...","<a href=""https://www.youtube.com/shorts/Uuu6PX8b3GE"">https://youtube.com/shorts/Uuu6PX8b3GE?feature=share</a> | 농사짓는분들 지금부터는 쌀농사가 답인거 같아요. | 박지원씨 거짓선동 하지마세요 ㆍ북한지령이니 어쩔수없지만 무지랭이들이들은 믿는다 ㆍ박정희정권당시 일본1년예산 1/3을 한국에 배상했다 ㆍ당시 환율은 1/10도 넘었다 ㆍ엄청난돈이였고 그후 2차 3차100억등 배상했다 ㆍ,,검색부탁드립니다,, 사과는 도지사이상 수상3명등36회  사과했다 ㆍ,,검색부탁드립니다,,  새빨간 거짓 선전선동 날조 박지원은 주사파 ㆍ그러나 역사는 절대 잊어선 안된다 ㆍ중국 ㆍ러시아 ㆍ일본 ㆍ북한 | 국짐놈들은 쌀 쳐묵지 말고.후쿠시마 에서 생산된   쌀만 공급받거라  윤까무라 오므라이  상 도같이! | 국힘당은 아무것도 모르냐?? 강선우 의원 님보다 더더더더더더더더더더더더 못한 돌대가리 여 니들은  그니깐  국힘당 아 윤석열 따라 일본여행 다녀온 명단공개 하라"
"&#39;인공지능으로 만든 콘텐츠&#39; 표기 의무화 법안 발의","본 영상은 23년 6월 5일에 진행된 라이브 영상 편집본입니다. 링크 : https://youtube.com/live/1rAsPL2CsQY?feature=share 편집 ...","지금 이 표기 의무화법안이 국회에 계류중에 있어 창작자들이 청원에 나섰습니다<br><br>무례한 부탁일수있지만 종범님께서도 홍보 를 도와주실순없을까요?<br><br>커뮤니티 한구석에 언급이라도 좋습니다<br>인슈님도 참여해주셨습니다. 부탁드립니다<br><br>댓글을 삭제하신다면 더이상 언급하지않겠습니다 | 표기만 하고 AI 활용하는 사람들이 있을 것 같아서 아쉽긴한데 그래도 AI의 심각성에 대해 인지하고 움직이려는 모습이 보여서 다행입니다. 유용한 영상 감사합니다! | 표기의무화 ㅋ 표기만 하면 마음껏 ai 사용하라는 거네 ㅋㅋ | 영상 감사합니다. 재밌어요. | 드디어 일하네..."
"오늘 거부권 법안 재표결...조희대 임명 동의 표결 주목 / YTN","[앵커] 여야는 오늘 정기국회 마지막 본회의를 열고, 윤석열 대통령이 지난 1일 거부권을 행사한 노란봉투법과 방송3법에 대한 재표결 ...","국민을 위한표결법..국민이 다 지켜보고있다. | 김여사 뇌물 즉각 수사!!!!!!!!"
"‘간호법안’ 관련 보건복지부 입장발표 - [끝까지LIVE] MBC 중계방송 2023년 05월 15일","조규홍 보건복지부 장관은 잠시 뒤, 정부서울청사에서 간호법안과 관련한 정부 입장을 발표할 예정입니다. 앞서 국민의힘과 정부는 ...","요약))<br>불법하고잇는거 아는데 그냥해. 니들 계속 잘다녔잖아. 지금처럼 그냥 다녀. 우리가 환자 조금 줄여볼게.(줄이는게 얼마만에 어디까지 줄이는건지는 말안했지롱)<br>우리가 계속 지켜본다?? 어?? 파업하기만해라?? 아니 니들만 가만있으면 다 괜찮다니까? 저거 통과하면 의사며 누구며 다 파업한대. 그니까 가만히 있어. | 보건복지부장관?의사복지부장관.하수인.처량하다.인간아 | 토나온다.<br>사직해라 | 아니 그 간호사란 직업이 오랫동안 환자의 곁을 지켜온건 맞는데 지금 보면 간호사란 직업을 가진 사람들은 못버텨서 다 퇴사하고 다시 임상에 갈 엄두도 못내고있는데 이게 맞냐 이거에요 | 너 로비 받았지? 더러운 보건복지부 장관 사퇴하라. 필요도 없는 사람"
"양곡법 한 달만에 2호 거부권‥&quot;간호법, 갈등·불안감 초래&quot; - [LIVE] MBC 뉴스데스크 2023년 05월 16일","때 이른 폭염 강릉 35.5도‥'전력대란' 우려도 / '10.29 참사 200일' 추모촛불문화제 / 코인 전수조사 둘러싸고 여야 '네가 먼저' / 학생들 ...","mbc 민노총 언론 방송 다해드세요.. | 모두가 악마에 홀려서 세상을 어지럽히는데 그런 악마들을 물리치는 퇴마사와 같네요 힘네세요😊 | 기득권의 나라 | 야 이것들아 핼러윈 사건 200일이 무슨 의미가 있다고 이걸 2 꼭지 씩이나 지껄이고 있냐 정부는 할로윈 사건 선동 집단 MBC를 당장 민영화하라 | 전 정권 탓만하고 일본한테 미국한테 매달리면서 호구짓만하고<br>나라 팔아먹는 그지같은 쓰레기들이 누구렸다~???"
"&quot;12월 20·28일 임시국회 본회의...예산안, 민생 법안 처리&quot; / YTN","여야가 내년도 예산안과 민생 법안을 처리하기 위한 임시국회를 오는 11일부터 열고, 오는 20일과 28일 각각 예산안과 민생 법안을 ...",""
"윤재옥, 2+2 민생법안협의체 제안...기촉법 등 타결 촉구 / YTN","국민의힘 윤재옥 원내대표는 다음 달 9일까지인 정기국회 회기 안에 민생법안 처리에 속도를 내야 한다며 거대 양당의 정책위의장과 ...","꼼수 말고 아무것도 없는 것들"
"&#39;단톡방 조용히 나갈 권리&#39; 생기나…법안, 국회 발의됐다 / SBS 8뉴스","〈앵커〉 카카오톡 단체 대화방 같은 데서 나갈 때 다른 사람들한테는 그 알림이 뜨지 않도록 하는 법안이 국회에 발의됐습니다.","단톡방 조용히 나가기 기능 생기지?<br>구라 안치고 단톡방 활동 안하는 인원 절반 이상 바로 빠진다<br>애초에 입법이 아닌 카카오톡 자체적으로 누가 퇴장했다 알려주는 이 기능을 왜 넣은지 이해도 못하겠고 나간사람 초대기능 있는것도 <br>난 입장도 안했는데 단톡방 강제 소환되는것도 개짜증 | 뭔... | 에휴 ㅉㅉ 이런데 50명더늘려? <br>반절줄여라<br>기업살릴 궁리나 해라<br>그리고 에너지 대책 민생대책 이나 세우고<br>허구헌날 싸우기나하고 니들 싸우는걸 국가 발전을 위해 싸웠으면 진작 선진국됨 | 정말 쓸떼없는거......ㅋㅋㅋ | 이거는 진즉에 기능이 추가됐어야지.. 이걸 법으로 만들고 자빠졌냐? 한심하다 ㅡㅡ"
"양곡 관리법 첫 거부권‥&quot;포퓰리즘 법안&quot; (2023.04.05/뉴스투데이/MBC)","쌀이 초과 생산되거나, 가격이 떨어지면 정부가 매입하도록 하는 양곡관리법 개정안, 윤석열 대통령이 포퓰리즘 법안이라며 거부권을 ...","농민 기본수당좀 올려라 | 미분양 아파트는 구매는 되고 식량 안보를 위한 쌀 구매는 안 되는 굥. 우크라이나 전쟁으로 밀 수입을 못해 라면값과 모든 물가가 올랐다. 식량은 안보이다.. | 정확히 알아봅시다<br>[ 윤석열 대통령이 거부한 양곡 관리법 ]<br><br>1. 쌀 재배 단계에서 수확량을 조절하기 위한 법.<br>( 농민들이 생산한  쌀을 족족 사주는 법이 아님. )<br>싹 자족률은 95% 수입8% 입니다. 공급 과잉 아닙니다. 쌀이 남아도는 것은 수입쌀 수급조절에 실패한 정부에 있습니다.<br>추수기에 비축미를 풀면 안되는 등등의 이유죠.. <br>윤석열은 더이상 국민을 속이지 말라.<br><br>2. 대통령으로서 헌법 제 121조 3항의 의무를 이행하라.<br><br>3. 농민을 대표하지 않는 의견취합 한 번 없는 민간 단체를 이용하여 농민 다수가 양곡 관리법을 거부한다는 여론 조장을 멈춰라.<br><br>4. 대선때 윤석열 지지선언을 한 단체도  농민 대표가 아니지 않은가.<br><br>우수한 우리쌀 품종 못지키면 일본 쌀 비싸게 사다먹는 세상이 됩니다.🔥 국민으로서 농민을 지켜드리겠습니다 🔥 쌀 생산량 조절에 관한 관리법으로 법명을 바꿉시다. 평면적 강행규정으로 해주세요🔥 우리쌀 품종을 지키자 🔥 | 쌀 농민에게 돈을 괜히 퍼붓는게 아닙니다 쌀 자주국을 확보하기 위함입니다 <br>쌀 농민을 보호하지 않고 다른 농사를 짓게하고 쌀을 수입을 하면 첨엔 저렴한 미국쌀을 사다가 쌀농부가 완전 죽고 쌀 농사를 다시 지을수 없게 되버리는상황이 된다고 해요<br> 자세히는 기억이 안나는데 저렴한 미국산 쌀을 수입하던 필리핀이 미국에 뒤통수 맞고 나중에 폭등한 쌀값땜에 국민들이 굶게 됬답니다 <br>필리핀은 전세계 쌀 생산량 2위고 2모작을 하는 나라인데도 그래요 울나라 역대 정부가 병신이라 돈 퍼들여 쌀 수매를 한게 아니고 <br>쌀 자주국을 확보하려고 그런 것 입니다 <br><br>유튭에도 그내용이 있으니 찾아들 보세요 4000억 들여 한강에 놀이기구는 만든다하더니  국민들 먹고사는 쌀은 우습게 알고 미치겠네 | 미분양되는 건설사의 아파트는 국민의 혈세로 매수하여 주면서 왜 힘없고 어려운 농민들의 양곡은 매수할 수 없다는 것인지 도무지 이해가 안가네...  건설사에서는 뒷 돈을 두둑히 주기 때문인가????  아니면 농민들은 찍어 눌러도 된다는 것인가 !!!!   이런 젠장할~~~ 어쩌다가 나라 꼴이 이지경이 되었는지....  참으로 걱정이올시다...  연세드신 어르신들 투표 잘하셔야 합니다...  고정관념 버리시고요...."
"與 &quot;12월까지 법안 속도&quot;...野, 균형발전 TF 역제안 / YTN","[앵커] 내년 총선을 앞두고 김포시를 비롯한 경기도 인접 도시의 서울 편입론을 꺼내든 국민의힘이 올해 안에 관련법 발의 같은 가시적 ...","이게 이슈가 되는 게 정치가 썩은 증거다."
"민주, 국조·법안 쌍끌이 공세...與 &quot;거부권 건의&quot; 맞불 / YTN","[앵커] '김포 서울 편입론'과 '공매도 금지' 등 여당에 정책 이슈를 내줬던 더불어민주당이 국정조사와 쟁점법안 처리 카드로 국면 전환 ...","뱅신들 윤석열이나 탄핵시켜라. 국민들 다 죽어나간다 | 대통령 년말해외여행 또 나갔음  왜찾어 없는게 나음 | 그 아무도 저출산에 관심이 없다는게 너무 신기하고 늙은이들이 너무 이기적이다라는 생각마저 든다. | 민주당 더럽게 논다 | 대통령거부권 건의래 ㅋㅋ<br>건의하건 말건 윤형은 무조건 거부권 행사할걸??<br>국힘은 지들 말이 윤형한테 먹히는 줄 착각하네 ㅋㅋ<br>그리고 전주혜는 국민이란 단어 좀 아무데나 쓰지 마라. 굳이 쓰고 싶으면 신천지와 전광훈패거리 등을 포함한 30프로 정도의 국민이라고 하던가."
"[장전시황]5월 31일 부채한도 법안 처리에 진통이 예상으로 미증시 혼조마감,오늘의 시장포인트와 증시일정 확인 #shorts #장전시황 #시황 #미증시 #국내증시 #엔비디아 #AI","[장전시황]5월 31일 부채한도 법안 처리에 진통이 예상으로 미증시 혼조마감,오늘의 시장포인트와 증시일정 확인 #shorts #장전시황 ...","⭐매일 무료로 실시간 Live방송과 무료정보를 받고싶으시면<br><br>아래링크를 클릭 하시면 금일 시장강세 섹터를 알려드리겠습니다~!<br><br> <a href=""http://pf.kakao.com/_wSwpxj/chat"">http://pf.kakao.com/_wSwpxj/chat</a>"
"중위소득 이하 대학생 학자금 대출이자 면제 법안 국회 통과 / YTN","중위소득 이하 가구 대학생의 학자금 대출 이자 부담을 덜어주는 내용의 '취업 후 학자금상환특별법' 개정안이 국회를 통과했습니다.","대학 갈까 말까 🤔 | 쟤네들은 나라가 저출산으로 골로가는데 하는일이 아무것도 없네 모조리 탈모 걸려라 여의도 것들아"
"&quot;대통령, 추모식 참석해야&quot;‥&quot;안전법안 처리 우선&quot; (2023.10.27/12MBC뉴스)","오는 일요일 10.29 이태원 참사 시민추모대회에 윤석열 대통령이 불참 의사를 밝힌 데 대해, 더불어민주당은 윤 대통령이 참석해 ...","죄명 찟칠라 기축통화국 대표님 힘내세요 항상 응원합니다 | 이태원 사고 하나때문에 이렇게 씹ㅈㄹ 떨는 모습 참 좋습니다 북한 지령문내용이랑 하는 짓거리가 참 똑같네요 5년후에도 이태원 사 고 시골로 우려먹어주세요 | 네네 이제는 경찰이 성인들에게 좁은 골목에 많은 사람이 있을때는 가지 말라고 교육해야겠네요 다 경찰 책임이죠 뭐 | 대통령과.내각은.니편내편아닌.국민에.아품을보듬고.재산과.민생에.최선을다해야하는대.지금정부는.국힘당원들에.정부같네요.편가르지말고.이태원에.눈물을.닦는대.최선을다하시라 | 국짐당은 입이 없나보다. 저정도 인데 왜 입다물고 있는겨?  뇌가없나"
"&#39;양곡 관리법&#39; 처리 여야 충돌...정부는 법안 &#39;반대&#39; / YTN","진행 : 오동건 앵커, 조예진 앵커 □ 출연 : 정황근 / 농림축산식품부 장관 * 아래 텍스트는 실제 방송 내용과 차이가 있을 수 있으니 보다 ...","벼는 치산치수법이다 홍수는 대체작물이 원인이다 | 내가 농업대 나와서 농사 지은지 11년 됐는데, 주변에 보면 진짜 쌀농사 짓는 놈들은 그냥 정부에서 다 수매해주니까 무지성으로 짓는다.<br>안팔릴 걱정 없으니까, 그냥 매년 하던데로 땅 임대까지 해다가 대농하는 인간들이 부지기수임. <br>그런것까지 다 국민 세금으로 수매해주는건 문제가 있다고 본다.<br>차라리 쌀농사에만 그렇게 퍼주지말고, 다른 작물에도 분산해서 지원금을 뿌려주는게 식량 안보에도 훨씬 도움된다고 본다. | 누가 농사짓겠음... 쌀농사가 다 밭작물, 원예작물로 갈아타면 농산물값 더 떨어지는데 농업인 자녀들은 그 땅 팔고 여유있게 도시근로자 되는겨..내려갈 메리트가 없음. 수도권 부동산 더 오르고 지방 소멸 더 빨라지고.. 악순환 연속임.. | 이래서 농가들은 민주당을 뽑아야하는듯.. 개사료화하자는 국힘당 아직도 잊었낭? | 장관님은 논산 농사나 지으시고 그런 말씀을 하십니까 현재 농사짓는 사람은 어려운 곳에 생각 안 하십니까 농사도  일 년 월급이라고 생각해 보십시오 -40% 낫다고 생각해 보시면 그런 생각을 말씀을 함부로 할 수 있을까요"
"법안 상정 실패..정기국회 통과 불가능 (2023.12.05/뉴스데스크/MBC경남)","지역사 채널의 동영상 링크(https://youtu.be/9Mz4XMhnF8E?si=W1v_vO1oyvRhwiaF) #정기국회 #과학기술정보통신위원회 #MBC ...","법안내용 자체를 국민들이 잘 모르지...개법이다 개법. | 할배들 ㅂㄷㅂㄷㅋㅋㅋ | 굥 은 일안하고 가만히있는게 나라를 위한길이다!<br>민주당은 절대 합의하지 말거라~ | 민주당에선 이현령비현령을 만들 소지를 없애기 위해서 본조에 넣자고 하는데,<br>국힘은 맘에 안 들면 또 언제든지 고치려고, 부칙에 넣으려고 하는 거 아니냐. | 탄핵 좀 빨리하자 이런 뻘짓거리 좀 않보고 싶다 정말..."
"조희대 임명동의안 통과...거부권 법안 세 번째 부결 / YTN","[앵커] 조희대 대법원장 후보자에 대한 국회의 임명동의안이 21대 국회 정기국회의 마지막 본회의에서 통과됐습니다. 장기간 이어진 ...","부18표는 범죄자들이냐? | 탄핵을 해야 할 법관을 대한민국의 대법원장에 올리는 범죄를 저지른 의원들을 고발합니다. | 근데 조희대는 뭐 걸릴만한게 없는데 민주당은 왜 무지성 반대하는거임? mbc 기사뜬거 다찾아봐도 조희대 관련으론 나쁜거 없는데? | 국민의짐덩어리들!!"
"박한샘ㅣIRA 법안 수정 자동차 후진 배터리 전진 _ 230327 1+1주식과외","박한샘 #주식교육 #주식투자 #박한샘 #주식교육 #주식투자 ✓출연자 정보 박한샘 파트너 (한국경제TV 와우넷 소속) 섭외 및 광고 ...","본인말에 일관성이 있느지,, 확인하고 방송에 내보내도록,,, | 11 | 정감있으시고 설명도 재미있게 해주시는 능력자 박한샘대표님 항상 감사드립니다. | 대표님 <br><br>늘감사합니다<br>오늘도. 고생하셨습니다 | 감사합니다~^^"
"김포시, 서울시 편입 공론화...&quot;조만간 특별법안 제출&quot; / YTN","[앵커] 요즘 김포시의 서울시 편입 추진 구상을 놓고 수도권이 뜨겁습니다. 김포시는 시민 공론화 작업을 거쳐 조만간 서울시 편입 특별 ...","김병수 이인간은 도대체 뭐하는 인간이냐!!! 아무리 좋아도 검토할 건 검토하고 시민에게도 의견  던져보고 해야지!!!  정말 답이 없다.  김포시를 잘만들려는 생각이 없는 사람같다. | ♥서울에 바다가 없으니 바다를 품은 김포가 서울의 노다지가 된다♥특별법으로 신속히 처리하자♥ | 일단 선거까지 들이대고 선거후에는  이런저런 이유로 꼬랑지 내릴것!   여당이 없는 대한민국, 국토전체가 서울인 서울공화국! 대통령감봉해라 | 미친쉑히들? 강릉도 서울로 편입 시켜주라? | 적악지가   필유여앙<br>積惡之家 必有餘殃"
"IRA세부법안 공개와 에코프로, 2차전지의 투자와 매매, AI와 로봇의 매도 이유?","IRA세부법안 공개와 에코프로, 2차전지의 투자와 매매, AI와 로봇의 매도 이유? http://cafe.mtnw.co.kr/gisu/board/vie...","대단히  감사합니다 | 많은도움을 받고 있어요. 고맙습니다~ 대표님<br>항상 건강하세요.<br>멀리서 응원합니다😊"
"&#39;검수완박&#39; 법안 유효,  &#39;서해 피격&#39; 첫 공판, 영국·스위스도 금리 인상 - [LIVE] MBC 뉴스외전 2023년 03월 24일","'서해 공무원 피격' 첫 공판 / 영국·스위스도 금리 인상‥""물가 안정이 우선"" ""뉴스가 보입니다” 함께 분노하고, 함께 감시하고, 함께 연대 ...","김정은의 민노총이 장악한 MBC.  2013년부터 시진핑의 영토야욕이 우리나라가 속국이라는 한족에 대한 세뇌와 군비확장을 넘어 최근에는 대만침략 다음 타자로 우리를 노리고 산동, 요동반도에 전함과 전투기, 군사기지를 붕어빵 찍듯 만들고 있는 것을 모르냐.  김정은 지령을 따르는 민노총과 협업하는 민주당아,  MBC야. 알잖아. 북중동맹에서 남침했던 북한은 핵, 수차례 침략했던 중국이 인해전술로 침공하면 우리 혼자서는 망국한다.  자유국가인 일본과 국력을 키우고 같이 싸워야 멸망을 피할 수 있는 것 모르냐.  알잖아 민주당, 민노총의 MBC야.. 왜 윤석열 대통령이 지지율 10%가 되더라도 반역자 문재인이 죽창가로 궤멸시킨 한일관계를 복원한다고 한 이유를.  아는 데도  반일선동하여 국가 안위를 위한 한일관계 복원을 방해하는 것은 망국을 바라는 것 아니냐.  우습게도  반일선동 선봉에 선 전과4범 이재명이 친일도 모자라 전범기업과 MOU뿐만아니라 경기도에서 공장을 만들도록 한 것 모르냐.  민주당아, MBC야.  이런 방송은 왜 안하냐. 친일, 반일수단 상관없이 한일을 각 분야에서 싸우도록 하고 시진핑과 김정은에 부역하면  망국된 후 아사자가 산처럼 쌓여도 김정일, 김정은과 그 무리들처럼 한줌도 안되는 것들만 대대로 명품으로 도배할 수 있다고 생각하고 반역과 매국질을 하지 않는 것 아니냐.   꿈께라..   다 알고 있다.    곧 소탕될 반역자와 매국노들,  김정은의 민노총,  협업의 민주당 직업좌파들, 민노총의 MBC.  일망타진을 기다리시면 좋은 소식이 있을 것이다. | 부동시 돼지는 파란매직2번 영국핵잠수함하고 빠킹한 천안함위로까지는 좋은데 눈물쇼는 그만하고  일본으로 꺼져!😎😎😎😎😎 | 돼지 집에가라고 해 | 국민이 개돼지냐??? | 원격포맷은 지룡자💻"
"시한 넘긴 예산안, 민생 법안은 뒷전...여야 &#39;네 탓 공방&#39;만 / YTN","[앵커] 국회의 내년도 예산안 처리가 또 법정 시한을 넘기게 됐습니다. 여야가 합의한 민생 법안들조차 정쟁에 밀려 국회 문턱에 막혀 ...","민생은 1도 반영 안 한 예산안을...법정기한 준수라는 명목으로 무조건 통과시키란 말이냐???<br>.<br>법정기한 준수는 &quot;형식적 민주주의&quot;라면, <br>민생 반영 예산안은 &quot;실질적 민주주의&quot;다!!!<br>.<br>세계 최고 자유민주주의국가인 미국조차 예산안 법정기한 준수 못하고 있다!!<br>.<br>늦더라도 &#39;민생을 조금이라도 더 반영한 제대로된 예산안&#39; 마련하여 통과해야 한다!!!<br>.<br>제대로 된 것은 늦더라도 용납된다!!! | 민생? ㅎㅎ 2년 동안 나라 망하게 만들어놓고 민생?? 운운?? 니들 내려오는게 민생이다 | 3년 동안 이런거면 여,야 둘다 자중해야할 문제임. | 일 좀 해 | 대통령은 들으시라<br>   당장계업령을 내리고 <br>리차이멍당 민주당을 처형하라😮"
"[키워드경제] 美부채한도 법안, 하원 통과…평가는? / 머니투데이방송 (증시, 증권)","06/01 이슈&뷰 진행 : 예민수 머니투데이방송 앵커 출연 : 김한진 이코노미스트 Q. 美부채한도 법안, 하원 통과… 평가는? Q. 꿈쩍 않는 ...",""
"여야 정책위의장·원내수석, 매주 화요일 만나 법안 논의 / YTN","여야는 양당 정책위의장과 원내수석부대표가 참여하는 '2+2 협의체' 회의를 매주 화요일 열기로 했습니다. 국민의힘 유의동 정책위 ...","여야노름 좀 집어치워! 정나미 떨어진다."
"&quot;월200 버는데 수억 손배소&quot; 제동..힘 실리는 &#39;노란봉투법&#39; [뉴스.zip/MBC뉴스]","00:00 ""노동자 파업 연대책임 못 묻는다""‥사실상 '노란봉투법' 판결 (2023.06.15/뉴스데스크/MBC) 01:49 [알고보니] 노란봉투법이 ...","대기업에 부과하는 벌금이 너무 적어요. 최소 억단위에서 몇백억 단위까지 해야합니다. | 월 200버는 노동자가 어딨음? | 사업하지 말라는 거지 ㅋㅋㅋㅋㅋㅋㅋㅋㅋ | 윤석열은 원래 약자만 괴롭히는 사람이지 | 공장 점거해서 손해를 끼쳤으면 갚는게 당연하지"
"&quot;Vocês não têm sangue indígena nas veias, vocês têm sangue indígena nas mãos&quot; - Célia Xakriabá","Em discurso no plenário, a deputada federal Célia Xakriabá (PSOL-MG) reagiu à aprovação do Marco Temporal na Câmara dos ...","Vai ser aprovado o PL 490 sim | Hipocresia pura..... | Índio índio índio❤! | Demarcação já, queremos o direito dos escravos também.✊🏿👏🏿🙏🏽🇧🇷❤️⚖️💪🏿 povos negros são originais também. | Como que uma india conspira contra o seu próprio povo, o brasileiro e lambe botas de colonizador, representado por pessoas ligadas ao governo dos EUA? Há pouco tempo esta moça estava bajulando Leonardo diCaprio e impedindo projetos de desenvolvimento da região amazônica de irem para a frente, projetos da Petrobrás, inclusive."
"국회 농해수위 ‘스마트농업육성법’ 등 농림법안 10건 의결","국회 농해수위가 최근 전체회의를 열고 스마트농업을 지원하기 위한 법률 제정안을 의결했습니다. 법안이 본회의를 통과해 공식 발효 ...",""
"양곡법 한 달만에 2호 거부권‥&quot;간호법, 갈등·불안감 초래&quot; - [풀영상] MBC 뉴스데스크 2023년 05월 16일","때 이른 폭염 강릉 35.5도‥'전력대란' 우려도 / '10.29 참사 200일' 추모촛불문화제 / 코인 전수조사 둘러싸고 여야 '네가 먼저' / 학생들 ...","심심하면 거부권이네? 대단하네 | 윤술꾼~~ 아무 일도 하지마 | 꽤 안부담스러울텐데? 신경이나 쓰까봐?? ㅋ | 하나의 목숨조차 너무너무 소중합니다 | 본인 책임은 1도 없고 모든 책임은 전임에게 넘기는 직원을 뽑은 사람들은 대체...."
"[오늘 이 뉴스] &#39;간호법 거부권 D-1&#39; 폭풍전야 &quot;대통령께 건의&quot; &quot;분노와 배신감&quot; (2023.05.15/MBC뉴스)","간호법 #거부권 #대통령 c MBC&iMBC 무단 전재, 재배포 및 이용(AI학습 포함)금지.","교묘하게 거부 할 수 밖에 없도로 논란되게 만들었으면서 정치적으로 이용할려구하네 민주당 역겹다 | 윤석열 지가 공약한 간호법  뻔뻔하게 깨는 최악의 새빨간 거짓말쟁이 친일파 대통령. 탄핵이 답이다. 서민경제 파탄, 친일파, 주69시간 청년들 지옥으로 만들고 , 이태원 참사 청년들 못살게 만드는 진짜 대한민국 역사상 최악 최악 최악 이다.  빨리 박근혜처럼 탄핵 끌어내려야 한다.!!!!!!!!!! 탄핵!!!!!!!!!! 윤썩열 친일파 국민의 힘 친일파 out!!!!!!!!!!!!!! 탄핵!!!!!!!!! | 썩렬이 조선총독의 조선인 말살정책이 시동을 하는구나. ㅋㅋㅋㅋㅋ | 거짓정부..언론탄압.. 국민무시.. 독재정권.. | 딱 딱갈이 처럼 생겼네. 니가 무슨죄가 있겠냐<br>그래 한번의 수치심 , 숙이면 연금이 얼마냐?<br>그게 매국노의 자세지"
"[오늘장 K-스탁] 미국 인프라 법안 통과에 환호한 &#39;건설기계&#39;ㅣ조선·기자재株 &#39;수퍼 싸이클&#39; 시동?ㅣK-스탁 라이브ㅣ한국경제TV","아비코전자 #퍼스텍 #코스피 #코스닥 #수급 #선물옵션 #캐터필라 #건설장비 #건설기계 #재건 #인프라 #조선 #조선기자재 #조선주 ...",""
"[6/1] AI조정 나오는 미증시... 엔비디아 4%·C3.ai 10% 하락 [당잠사]","홍성진 한국경제 TV 앵커 ○전가은 한국경제 TV 외신 캐스터 ○강수민 한국경제 TV 외신 캐스터 ○최보화 한국경제 TV 외신 캐스터 ...","[속보]&quot;디젠스&quot;국내유일!  원통형 각형 파우치형 필름개발발표,  <a href=""https://www.youtube.com/watch?v=Kq7eCJlUE_M&amp;t=570"">9:30</a>부터 외국인급매수1위. | 우리보화 무슨보화? 금은보화~ | 하 | 영상 볼륨 좀 높여주세요ㅠ | 오늘도 정보주신 분들 모두 감사합니다!"
"[장시작전] 엔비디아 -5.68, 마이크론 4.87% 급락 / 부채한도 법안 표결 앞두고 하락한 뉴욕증시 (LIVE, 6월1일) 윤여민,김민수,민재기","[23년 업그레이드] 데이짱 '중단기 실전기법 끝장반' 단독모집 ✓ https://us-campus.co.kr/product/academy149 한정판 실전기법 교재 ...","[23년 업그레이드] 데이짱 &#39;중단기 실전기법 끝장반&#39; 단독모집<br>✅ <a href=""https://us-campus.co.kr/product/acade..."">https://us-campus.co.kr/product/acade...</a><br><br>한정판 실전기법 교재와 강의 패키지 평생소장부터, 매주 화요일 저녁 회원전용 라이브까지 오직 815캠퍼스에서 단독 모집합니다,<br>강력한 수급과 시세를 놓치지 않는 투자법을 데이짱이 직접 전수해드리니, 고수의 비법을 완성해보세요.<br>*한정판 교본 패키지는 한정수량 제작되어, 조기마감 되더라도 양해부탁드립니다<br><br>유선문의 : 1660-0236<br>카카오톡 문의 : <a href=""http://pf.kakao.com/_JIYtb"">http://pf.kakao.com/_JIYtb</a> <br><br>--------------------------<br><br>** 출연 신청, 광고&amp;협업 문의  thinkeasyman@<a href=""http://naver.com/"">naver.com</a><br><br>815머니톡 자료 다운로드  <a href=""https://cafe.naver.com/815moneytalk"">https://cafe.naver.com/815moneytalk</a><br><br>-------------------------- | ㅣㅣㅣㅣ | 1 | 1 | 김민수대표님하고 케미가 너무 좋으세요<br>오늘도 두분덕에 활짝 웃고 시작합니다~~"
"Olivier Dussopt traité d&#39;&quot;assassin&quot; par un député LFI, indignation à l&#39;Assemblée nationale  13022023","Lundi après-midi, après avoir repris par des discussions sur l'index seniors et la retraite minimale, l'examen de la réforme des ...","Une grande honte se ministre | 2 Morts par jours en France, accidents du Travail aucun hommage ! | Saintoul, insortable commissaire politique, muflerie , suffisance ,immaturité . Un exemplaire représentant de la doxa Lfi . | Bien jouer olivier assassin | ils ont tous perdu leurs couilles après."
"쟁점마다 아슬아슬‥당사자 반응 보면 민주당 판정승? (2023.03.23/뉴스데스크/MBC)","오늘 헌재 결정과 관련해 법조팀 김지인 기자와 몇 가지 살펴보겠습니다. 김기자, 정확히는 권한 쟁의 심판이었죠. 헌재 결정을 요약 ...","악법도 법이라는 원시시대 법원을 규탄합니다 대한민국 글로벌 기업 인재양성 의사결정 manual fact finding planning do check action assurance cycling simulation system program for TQSHEWB 8천만국민 이 합력하여 구사일생 대한민국 다시 살립시다 윤석열 통일 대통령 승리합시다 | 국힘이 내년 총선에서 참패할 가능성이 점점 농후해진다. | 너무 나댓음...<br>근데 결과보고 국민이 피해볼거라고 얘기하는선 역겨운데 나만그럼??<br>저기가말하는국민은 검사 거니 장모 지인만 얘기하는거아님? | mbc도 문 닫아라. 제목하고는. 민주당 판정승? 민주당이 왜 나오나. 헌법에 대한 해석인데. | 지들이 통과시킨 미디어법은 문제없고 검수완박만  문제있나, 전형적인 내로남불. 시행령이 법률에 위반된다고 빨리 사법심사  청구하라."
"영국, 일회용 식기류 사용 금지 법안 추진 / OBS 오늘의 월드뉴스","전 세계 해양 쓰레기 가운데 가장 큰 비중을 차지하는 게 플라스틱 식기류입니다. 세계 각국이 어떻게 하면 배출량을 줄일 수 있을지 ...",""
"교육활동 침해 방지법안, 교육활동보장 5법 발의 기자회견","[입법예고 등록의견 쓰기] 교원지위법 https://url.kr/792osr 초중등교육법 https://url.kr/wk4ad7 유아교육법 https://url.kr/d4wpok 아동 ...","[입법예고 등록의견 쓰기]<br>교원지위법<br><a href=""https://url.kr/792osr"">https://url.kr/792osr</a><br><br>초중등교육법<br><a href=""https://url.kr/wk4ad7"">https://url.kr/wk4ad7</a><br><br>유아교육법<br><a href=""https://url.kr/d4wpok"">https://url.kr/d4wpok</a><br><br>아동복지법 개정법률안<br><a href=""https://url.kr/czifbl"">https://url.kr/czifbl</a><br><br>아동학대처벌법<br><a href=""https://url.kr/1jpahv"">https://url.kr/1jpahv</a> | 이것은 맛는 말이네!!<br>이에. 찬성 합니다~~~~~~~❤❤❤ | 이법안이 꼭 통과되어 불안한 교실분위기에서 힘들었던 선생님과 학생들이 건강하고 즐거운 학교생활을 할 수 있게 되었으면 좋겠습니다 | 제발통과되었음 하네요 | 법안개정되게 해주세요"
"윤석열, 스스로 레임덕. 환영해 | 안철수 AI규제법안 계류? 미래 계류 | 엑소 디오, 대기실 전자담배? 개념 챙겨야","윤석열은 스스로 레임덕 분위기를 만들어 갑니다. 그것도 급박하게 | 안철수 의원의 AI규제법안이 계류되고 모든 법안들이 대부분 계류 ...","해석도자유 착각도 자유 마음껏 씨부려라 | 언론탄압 문정권도 마찬가지였다 | 윤도리도리상은 빨리 레임덕이 와야 해요. 하루라도 빨리. 이 나라 속 시끄럽습니다. 줌줌님 화이팅."
"내일 전세사기 특별법 발의‥보증금 구제 제외 (2023.04.26/뉴스투데이/MBC)","전세사기 피해 임차인을 지원하기 위한 특별법안이 내일 국회에서 발의됩니다. 피해자들에게 경매 우선 매수권을 주거나 LH가 피해 ...","정부 입법부 사법부 행정부 국개 판사 검사 변호사 감정평가사 공인중개사 건물주 바지사장 은행 싹다 주범이고 공범이고 한통속이였다.......전세사기판깔고 서민들을 사냥감삼아 기득권들 사기꾼들 재산불리고 서민들을 사지로 내몰아 죽였다...... 가난한 청년들을 희생양삼아 금융사기로 죽이고 기득권 지들 재산불리고 사기꾼들 풀어주고.....이게나라냐...... | 전세를 다돌려준다  하면  달러 10000원 갈뜻 | 전세보증보험제도도 확 개편해야된다. 현재의 전세보증보험제도로는 사각지대 너무많고 너무 복잡하다. 현재의 전세보증보험의 사각지대와 맹점에 대해 확 개편하고 전세보증보험 가입자에 한해 전세보증금 관련 사건사고에 휘말렸다 판단이 되면 우선 보증금 구제를 적극적으로 해줘야한다. 보험이면 보험답게 적극적으로 보상해줘야한다. | 전세 사기친놈들 직계가족 까지 재산 가압류해서 세입자한테 보상해줘라 | 이런 사태가 초래할줄 알고 비싸더라도 꼬박꼬박 매월 월세를 내고 지낸 세입자들은 뭔가되나요? 뭐 ! 돈을 집에 쌓아놓고 있어서 그 비싼 월세를 내고 지내고 있는줄 아시는가 본데 절대 그렇지 않고요!!! 전세사기 피해자 여러분!!! 우리 월세 세입자들도 그렇게 국민세금으로 환수 받을수 있으면 지금 당장 그 비싼 월세 안내고 전세로 전환할테니 도움 주실거죠 순조롭게 월세를 2년동안 안내고 받아나가면  본인의 현명스러운 선택이라 자부하실테고 만약에 못받으면 현 정부를 두둔하면서 어떻게든 국민세금으로 하던 뭐던간에 전액을 환수해달라!!!!참 완전히 자신들의 피해만 중요하지 죄없는 국민들은 뭘 잘못을 했길래 전세사기 피해자 여러분들의 피해금을 물려줘야 하는지 이에 합당한 이유와 타당성을 국민들이 납득하게끔 설명 좀 해주세요 네???전세사기 피해자 여러분들의 답을 듣고 싶네요"
"여야 원내대표 첫 회동…&quot;쟁점 없는 법안부터 처리&quot; / 연합뉴스TV (YonhapnewsTV)","여야 원내대표 첫 회동…""쟁점 없는 법안부터 처리"" [앵커] 지난달 28일 선출된 박광온 민주당 신임 원내대표가 취임 인사차 각 당 원내 ...",""
"윤 대통령, 양곡법에 첫 거부권 행사 &quot;포퓰리즘 법안&quot; (2023.04.04/뉴스데스크/MBC)","쌀이 일정한 기준 이상 초과 생산되거나, 쌀값이 전년보다 5에서 8퍼센트까지 떨어지면 정부가 쌀을 매입해주도록 하는 내용의 양곡 ...","저런 게 어휴... | 양곡법 거부는 강제가 아니야 농촌젊은이 떠나 쌀값싸고 어쩌라고 대통령이 농사 지봤어야 멀쟎아 시골 개만 뛰어다니는 농촌 이될걸 병사200만준다 지키지도 공약 허세부리 정권 감히처음 시험보고들어간 공무원보다 많이준다 공산품가격매년올고 빌어먹을 나라가 어디로가지 진흙같은나라 농민항상 푸대접받나라  대한민국 | 거부권행사는 말않되는것 농산물은 많이생산되 하락하고 농촌에 젊은얼없는데 뭘재배해란말인가 피패해진 농촌 한번아라도 농촌 와보셔나요  벼전량수매해야 되야 하며 쌀로만들수 있는게많을 겁니다 연구하면 그리고 가난한 못사는 나라 싸게 파는것 그냥주는 방법 북한 한민족이니까 그냥주는방법 그러보면 통일 빨될수 있쟎아요 못나라에 그냥 주는  방법 싸게파는 방법 자원없는 우리나라 그래서 그래서 우리나라없는 자원싸게 밥법있쟎아요 우리나도 못살아 원조받은 나라중하나쟎아요 밀가루 다수입  하죠 미국같은 대룍에서 수입 하죠 미국눈치 보시나요 미국 중국 일본 우리나라 통일원하지않아요 우리나라 팔아먹고 빼먹을 많으나까 농민무시하지마세요 해마 작물에 없데 벌레 병충해 많은지모르지 이정치쟁이 편하게살려 기계만들어내쟎아  그러니 오염되  기후변화되 때문에 없는병도.  생기지 이정치쟁바보들아 농민무시 하지마 이것들이 | 지금 현재, 정부가 행할 수 있는 유일한 권리가 &#39;거부권&#39; 하나밖에 안남았는데, 미래 사회에 더 큰 폐해를 남길 수도 있는 사안에 대통령이 행사하는게 뭐가 문제입니까? 법을 만드는 국회의원들이 죄를 지어도 처벌받지 않는 마당에, 선거를 집행하는 기관이 북한과 연루되있는 이 마당에, 대법관이 편파 판정을 할지도 모르는 이 판국에, 민노총이 AI보다도 멍청하고 한심한 행동만 골라하는 이 마당에, 윤석열님이 대통령으로서 할 수 있는 일이 &#39;거부권&#39; 말고 또 뭐가 있겠습니까!!! | Right now, the only right the government has left is the &#39;right to veto&#39;, so what&#39;s wrong with the president exercising &#39;right to veto&#39; on issues that could cause greater harm to  future society? What else can Yoon Seok-yeol do as president at a time when law-making lawmakers are not punished even if they commit crimes, when the election enforcement agency is involved with North Korea, and the KCTU is choosing stupid and pathetic actions rather than AI!!!"
"우주항공청법안 막바지 무산 (2023.10.05/뉴스데스크/MBC경남)","지역사 채널의 동영상 링크 (https://youtu.be/7QHhDgRkgJ8?si=xwTzGMai41N2rZSv) #우주항공청 #안전조정위원회 #MBC경남 ...","와따 지구에서도 이빠이 해묵는데 우주는 상상이 안된다 | R&amp;D 예산, 문재인이 비정상적으로 2배 늘린 거였지. 그놈의 친환경 연구, 코로나 관련 연구, 일본을 이기겠다고 반도체 소부장 연구... 문재인 아니였으면 있지도 않았을 연구비. 비난하는 민주당이 우주항공청 설치를 반대하네? | 민주당 갑갑다 | 윤석열때문에 눈떠보니 제2의 후진국2이다 | 윤석열 정부 끝내고 새롭게 시작하면 된다. 저건 뭐 앞뒤없이 마구잡이, 홍보용 ㅉㅉㅉ"
"[뉴스외전 정치 맞수다] &#39;검찰 수사권 축소법&#39; 유효 결정‥평가는? (2023.03.24/뉴스외전/MBC)","출연: 조해진/박주민 헌재 ""검찰 수사권 축소 법안 유효""‥평가는? 조해진 “아주 나쁜 판결..헌법재판소 판결 결정이라고 하는데 안 한 ...","너는 아직 평가한다.나는 버리고 고칠걸 적폐라 한다.너는 늦는게 아니라 쌓은거다 | 피해자 코스프레 오지구요 ~ 농민 걱정하는척 역겹고요 ~ | 정미경 같은 법조인이 있나요 모든법을 불응하는 법조인이 무슨 법조인인가요 참 답답한 정미경 안탑깜네요 | 기소권도 여러기관이 분산해야됨 | 걱정 말아라 잡넘덜아 니들 똑같은 수법으로 모조리 잡아넣고  난다음 법을 밬눌거니깐"
"美, 또 대중 반도체 규제법 준비...부담 더 커지나 / YTN","[앵커] 미국이 반도체 장비 수출 규제와 반도체 법에 이어 추가로 중국을 견제하기 위한 법안을 준비하고 있습니다. 중국의 첨단 반도체 ...","그럼 미국을 등질까?? 미국 등지면 반도체 설계 자체를 못한다<br>원천기술이 미국에 있으니 미국을 등지면 생산자체를 못하게 될 것이고...<br>중국을 등지면 최대 수요국에 대한 판매량이 대폭 감소하여 매출 감소로 연결되고,,<br>그렇다고 CHIP 4동맹을 안하자니 반도체 장비 메이커,,ASML, AMAT, TEL(네덜란드 미국 일본) 장비사가<br>대부분의 반도체 공정을 점유하니... 진퇴양난 인거지 <br>뭐 대통령 탓 이런거좀 하지마라 무식하면 공부를하고 댓글 달던가.. 문재인이던 윤석열이던 이건 어쩔 수 없는 선택이다 | 양키노예국으로써 중공과 댠교하고 시장은 주인에게 주자~~!! | 외환위기 터지면 언론사들도 구조조정 못피함. 기레기들 50%구조조정으로 해고당하길. 😂😂 | 이대로가면 외환위기 초읽기. 사상 최대 무역적자. 외환보유고 급속도로 줄어들고 있슴. | 부담 된다.벅차다 하지 말고 정면 돌파하라."
"재벌들의 &#39;인싸력&#39;은 몇 점?","윤석열 대통령의 새해 첫 해외순방에 따라나선 경제인들. 그들은 쉬는 시간에 뭘 했을까요? 뉴스에 나오지 않은 영상을 모아봤습니다.","대한민국이 나서서 부서들을 더늘려<br>( 모든아이들이 ) 학교에서 또는, 어린이집에서, 유치원에서 ,<br>교육시키고, 체험학습등등을가고,아침점심저녁 간식까지 먹이고, 남여여남샤워장을만들어 ( 모든아이들을 ) 씻기고,사물함에 옷생필품넣고, 성인대자침낭으로 재우고,강당사용도됩니다 모든 학교또는 모든 어린이집 ,모든 유치원 안에 세탁기도있습니다 <br>대한민국이나서서 모든아이들을 관리감독을 모든걸책임지고 관리합니다 교육적인부서들 늘리기 교관부서들 늘리기 등등<br>여러분야의 국가에서 부서들을 늘려서 관리감독합니다<br>현금으로 주고 아이들을 키우라하면 너무허탈합니다<br>베이박스가필요없는 믿고 맡길수있는 대한민국 국가에서<br>나서서 관리감독부탁드립니다 꼭 해주세요 <br>결혼할자금없어서결혼못하고 집없어서 행복하지못하고 아이놓고 아이들을 키우기 버거워서 행복하지못합니다<br>현금으로 해결해줄수 있는걸 대한민국 국가가나서서 <br>부서들을 더늘려 컨트럴타워 관리감독합니다 | 인도 인도네시아 중동국가에 물 이 없어서 힘들어합니다<br>인도 인도네시아 중동국가에 사람들이 물 이 있는곳을 잘알고있습니다 사실입니다확실합니다  <br><br>대한민국이나서서  인도 인도네시아 중동국가에 물 있는 곳을 찾아서 대한민국의 튼튼한 댐 건설을 부탁드립니다<br>대한민국처럼 튼튼한 댐  건설로 농수로로 활용하고 농경지개척과 관광지로서 의 대한민국이나서서 수출부탁드립니다 사실입니다확실합니다 <br>감사합니다 고맙습니다 | 망함 ㅋㅋㅋ | 대통령님 힘내세요 존경합니다 | 하늘에겨시는ㅡ창조주하나님께서ㅡ태초부터ㅡ겨훽하신ㅡ창조시작부터ㅡ창조완성까지ㅡ준비하신ㅡ증빙증거자료가<br><br>년도별ㅡ순서대로ㅡ질서정연하게ㅡ오차없이ㅡ목표가ㅡ명확하게ㅡ정해저있음을ㅡ알수읍니다<br><br>창조주하나님ㅡ췌종뜻ㅡ100%ㅡ1000%ㅡ10000%ㅡ증명할수있는ㅡ7,6창조완성ㅡ500페이지ㅡ하늘법ㅡ한권ㅡ한종삶ㅡ설겨도<br><br>7,6창조완성ㅡ500페이지는ㅡ췌종ㅡ아빠집3대3인가족ㅡ엄마집3대3인가족ㅡ6번가정ㅡ완성입니다<br><br>지구마지막전쟁=50년6,25<br><br>50년=7십자가=1차자대표예수님ㅡ중책맡은십자가=창조주하나님=주관<br><br>빨파태극기100년=1982년=(천ㅡ구ㅡ백ㅡ팔ㅡ십ㅡ이ㅡ년)<br><br>년=년도별ㅡ증빙증거자료=창조주하나님께서ㅡ996번지ㅡ심재임앞으로ㅡ준비해놓으신<br><br>이=2차=6번가정모대표ㅡ심재임<br><br>팔=토끼지도휴전38선=토끼지도초록38선<br><br>구=지구세겨흑백황ㅡ365개국분할ㅡ국명=번호<br><br>백=미국백악관=하늘태극기0번백악관<br><br>천=하늘ㅡ창조주하나님=창조ㅡ순서ㅡ자전공전ㅡ7,6창조완성=하늘법<br><br>6,25=6번가정=2차모대표심재임ㅡ중책맡은<br><br>6번가정ㅡ2차모대표ㅡ심재임ㅡ자모38한글ㅡ손을사용하시는ㅡ창조주하나님=주관<br><br>6,25=666ㅡ222ㅡ555<br><br>6=1956년=묘도동=996번지=출생<br>6=1976년=소장동=304번지=결혼<br>6=1996년=문수동=303호=자모38한글<br><br>2=26세=1982년=서주완출생=1여2남엄마<br>2=2631728=주민등록번호<br>2=2차=6번가정모대표<br><br>창조주하나님ㅡ췌종뜻ㅡ해독ㅡ기록맡은<br><br>1996년ㅡ996번지ㅡ561015ㅡ2631728ㅡ2차=6번가정모대표ㅡ심재임올림"
"&quot;남해에 &#39;이순신해&#39; 함께 씁시다&quot; 역사강사 구상에 국회 &#39;꿈틀&#39;  #Shorts (MBC뉴스)","MBC&iMBC 무단 전재, 재배포 및 이용(AI학습 포함)금지.","가자!이순신해로! | 감정과 감성을 건드려 정치질하는 선동꾼들 ㅋㅋㅋㅋㅋ 저런게 내편만들기 쉽지 지금 정치인들한테는 어느나라가 인정해주겠냐? 진짜 퇴보만하네 | 윤은 또 거부권? | 좀 합시다 여러분 달려들어 돕시다!! | 이순신해,<br>자랑스럽습니다.<br>황현필 선생님.<br>존경합니다"
"민주당 &quot;대의적 결단&quot;‥국민의힘 &quot;뻔뻔한 귀가&quot; (2023.04.27/뉴스투데이/MBC)","지난해 검수완박 입법 과정에서 '꼼수 탈당' 논란이 불거진 민형배 의원을, 민주당이 복당시키기로 했습니다. 국민의힘은 사과나 반성 ...","너무나 민주당 썩은 놈들이다 강하게 들어가야 된다 전 대통령 문재인 대통령 정상이다 | 국민의힘     윤석렬은    물려나라<br>대한민국을   무당의  나라로  만드는  윤석렬은   물려나라 | 어러죽을 복당   꼼수에다 뻔뻔에다  봉투에다   전과자에다   내로남불에다    거짓말에다  지구을 차라리 | 세상에 어떤 당도 민주당에 뻔뻔하다는 말 해도 된다 근데 국짐당은 진짜 아니지 | 국짐당이  국민을  우롱하고  우숩게 본거 겠지    국민은   국짐당을  경멸  한다   골수  분자들"
"Violenza sulle donne: cosa dice il nuovo disegno di legge","Ce ne parla la nostra Micaela Foti #shorts.","Perché tu hai sempre trattato bene gli uomini in vita tua non è vero...? | È voi cosa state facendo contro la mignottagine delle donne traditrici?<br>Ioocriti... | Ho chiamato l arma 4 volte quest&#39; anno,il 1522 3-4 e solo oggi m hanno dato un aiuto pratico che non consiste nel denunciare quel compagno che cmq vivrà con te sino ad un processo.molta importanza mediatica ma pochissima in pratica.i vicini,le persone a me vicino non vogliono prendere posizione.<br>Non mi sono mai sentita piu sola. | Veramente mi fa schifo come si tratti la violenza domestica come un problema di un solo genere e di come si dia per scontato che la vittima sia la donna e l&#39;uomo il carnefice. | 😜👍"
"[정면승부] 한민수, “탄핵안 발의는 국회의 권한” vs 정광재, “법안 거부권은 대통령 권한”_231205","정면의 품격□ 1. 총선 앞두고 '2기 내각' 꾸린 尹…평가는? 2. 與 지도부, 사실상 혁신안 거절…'윤심' 어떻게 작용할까 3. 5선 이상민 ...","한씨<br>아저씨<br>김남국 아저씨<br>처럼<br>국회 의원 되고자<br>합니까.<br>지금<br>부터<br>빵꾸 신발 신고다니셔요 | 특검 반대자가 범인입니다!<br><br>그럼 특검 거부권자는 공범입니꽈? | 국회의원들은 어떻게 탄핵하나?<br>삼권분립인데,국회가 장관도대통령도 판사다 검사도 탄핵하잖아?<br>국회의원에 대한 견제는 어떻게 할  수있는겨?<br><br><br>대통령의 국회해산권이 있나?<br>국회의원들 잘못하는거는 누가 뚜드라 잡나?"
"간호법·의료법 본회의 통과‥&#39;양 특검법&#39;도 패스트트랙 지정 (2023.04.27/뉴스데스크/MBC)","오늘 국회에서는 간호법과 의료법 등 쟁점 법안들이 야당 주도로 본회의를 통과했습니다. 국민의힘 의원들은 표결에 참여하지 않고 ...","법이 민생에 안 맞으면 고치든지..... 민생에 맞게 보완하든지.....<br>법을 충분한 검토도 안하고 만들어낸다든가  <br>미래 어떤 일이 벌어질지 예상도 안하고 눈 앞의 이익만 생각해서 만들어놓고는 <br>남 탓하고 있는 현실이 안타깝습니다.  <br>검수완박, 임대차3법, 간호사법, 양곡관리법 노란봉투법 등등 또 야당은 우리나라 사람 아니에요? 다수로 밀어붙이게? 시간이 걸려도 촘촘하게 살펴보고 해야지 이게 뭡니까?  야당은 여당을 비판만 하는 게 야당입니까? 그러고 무슨 민생을 살핀다고? <br>여당은 상대당을 설득할 능력 없어요? 소수당이라고 변명하지 말고 근거를 가지고 따지지도 못해요? | 의사는 되고 간호사는 안되고 뭔 나라 법이 | 역사적으로 대한민국은 민주당이 총선을 이긴 경우가 손에 꼽을 만큼 없었는데..이번 더불어 민주당 덕분에 대한민국의 법들이 점점점<br>개선되는 듯한 느낌을 받는다...의사들 범죄 저질러도 의료행위 하게 방치한 것도 해결하고..해묵은 간호사법도 처리해주고..<br>누가 봐도 더불어 민주당은 국가를 위해서 움직이는 거 같다... | 아 진짜 답도없는 인간들 민주당은 꼭 간호사한테 수술받자 | 간호사 출신 국힘 의원이 찬성을 하는데, 다른 국힘 의원들이 반대를 한다.<br>이건 좀 아니라고 생각되네요. 저질이네요."
"파킨슨병, 줄기세포 치료 길 열렸다 / KBS  2023.03.17.","파킨슨병은 알츠하이머병과 함께 대표적인 퇴행성 뇌 질환인데요. 국내 연구진이 파킨슨병을 줄기세포로 치료할 수 있는 길을 열었 ...","줄기세포 👍 | 노벨상받으로가십다 | 황우석사기꾼 만들어 놓고<br>일본에서 영장류8포기 배아줄기세포 배양 까지 하고 그 이상의 배양은 신의영역이라 포기했던 16포기 배아줄기세포 배양에 성공하는 기적을 만들어 대한민국을 세계 경제1위 대국으로 만들절호의 기회를 놓쳤고 결국 그 난리친 ㅣ번 2번 3번. 있는 걸로 판명되었는데<br>왜 그런건 언론에서 입닥치고 있을까? | 아버지께서 파킨슨병에 걸리셔서 몇년동안 약물로 증상 억제하시고 계십니다 운동은 하루에 1시간 30분에서 길게는 2시간 정도 걷기 하시는데 아버지 본인 스스로 운동에 대한 열정도 원래 없으시고 요즘은 증상이 악화돼서 운동할때 걷는게 힘들다고 하셨습니다. 개인적인 생각으로는 아버지께서 열정을 갖고 매일매일 꾸준히 운동을 하시면 좋겠다는 생각이고 걷는게 힘들면 실내 자전거라도 타셨으면 하는데 아무리 말씀드려도 설득이 되지 않아 아무것도 못하고 지켜보는 입장에 너무 슬프고 약해진 부모님 모습을 보면 너무 허무합니다. 아버지께서 더 이상은 아프지않고 치료를 하면 좋겠는데 저런 줄기세포 치료를 하려면 어떤 루트로 신청을하고 진행을 해야할지 모르겠어요. 그냥 대학 병원에서 줄기세포 하고싶다고 하면 그냥 해주는게 아닌거 같아 보이더라고요. 아직은 임상 단계라서 그런가,,, 제가 늦둥이라서 아버지께서 또래 친구 부모님보다 나이가 많으셔서 제가 성공하는 모습 잘 큰 모습. 부모님께서 잘 키워주셔서 잘 자랐다는 모습도 보여드리고 싶은데, 지금 아버지의 병이 진행하는 속도를 보면 못 보여드릴거 같아서 하루하루가 너무 급하게 느껴져요. 줄기세포 치료 어느 병원으로 찾아가야 가능할까요? | 어느병원으로 가야하나요 댓글 올려주세요"
"2023.05.31. (생중계) 국회 문체위 전체회의 - 법안 심사","팩트TV #보도채널 추진 언론독립! 팩트TV 보도채널 진출을 위해 깨어있는 시민들의 국민주주 참여를 요청합니다. #국민주주 참여 ...",""
"여야, 민생법안 &#39;2+2 협상&#39; 불발...與, 지역의사제 반발 / YTN","여야의 쟁점 민생법안 논의 기구인 '2+2 협의체'가 일주일 만에 다시 만나 협상에 나섰지만, 접점을 찾지 못했습니다. 국민의힘과 ...","아니? 여야라는 말의 츨처가 헌법에 있습니까? | 여야로 문제를 풀겠다는 생각은 어떤 이유로도 설명이 되지 않는다. <br>국회에는 여야가 없다. <br>상임위가 국회에 있는 이유가 있다. <br>너는 여당도 야당도 아닌 국회의원이다."
"[오늘장 K-스탁] 미래 산업에 전적응 중인 AI와 반도체 생태계...실적으로 증명할 기업ㅣK-배터리 핵심 관물 확보 &#39;총력전&#39;ㅣK-스탁 라이브ㅣ한국경제TV","AI #시스템반도체 #폐배터리 #동원산업 #지주사 #코난테크놀로지 #솔트룩스 #셀바스AI #알체라 #바이브컴퍼니 #마인즈랩 ...","*오늘 방송 내용 *<br><br><a href=""https://www.youtube.com/watch?v=Hg6WSYUCpdo"">00:00</a> 오프닝<br><br><a href=""https://www.youtube.com/watch?v=Hg6WSYUCpdo&amp;t=13"">00:13</a> 위드 AI 시대! 탄력 언제까지?<br><br><a href=""https://www.youtube.com/watch?v=Hg6WSYUCpdo&amp;t=423"">07:03</a> 시스템반도체도 덩달아 &#39;들썩&#39;<br><br><a href=""https://www.youtube.com/watch?v=Hg6WSYUCpdo&amp;t=676"">11:16</a> 中 광물 의존도 심화, K배터리 대응책은?<br> <br><a href=""https://www.youtube.com/watch?v=Hg6WSYUCpdo&amp;t=950"">15:50</a> &#39;몸집&#39; 키우는 동원산업<br><br><a href=""https://www.youtube.com/watch?v=Hg6WSYUCpdo&amp;t=1290"">21:30</a> 만년 저평가 지주사 주목? <br><br><a href=""https://www.youtube.com/watch?v=Hg6WSYUCpdo&amp;t=1705"">28:25</a> 이상경 → 티와이홀딩스<br><br><a href=""https://www.youtube.com/watch?v=Hg6WSYUCpdo&amp;t=1892"">31:32</a> 이화진 → 엔씨소프트 | 감사합니다 👍 👍 | 다음주 월요일에  매수해도 될까요"
"[오늘 이 뉴스] &#39;대통령 거부&#39; 간호법 최종 부결, &quot;마지막 명줄 끊어..총선서 심판&quot; (2023.05.30/MBC뉴스)","00:00 간호법 최종 부결 ""마지막 명줄 끊어..총선서 심판"" (2023.5.30/MBC뉴스) 02:49 '대통령 거부권' 간호법, 재투표서 최종 부결 ...","니들이 뽑은 대통령이다. 맘에 안들면 다 끌어내지 그러냐 안그래도 전쟁중인 국가에서 | 국짐당 여기에는 출석 열나게 잘하네... | 공약한사람은 거부하고 ㅋㅋ 아사리판이네 | 아니 간호법 윤석열 검색하면 본인이 꼭 통과시킨다고말해놓고 왜 이제와서 나몰라라임?<br>투표 수 때문에 그런거였지 후 | 쓰레기 국짐당들 총선에서 없애버립시다"
"여야, 27일 본회의서 `전세사기 대책 법안` 처리 공감대 - [LIVE] MBC 12시 뉴스 2023년 04월 21일","여야, 27일 본회의서 `전세사기 대책 법안` 처리 공감대 - [LIVE] MBC 12시 뉴스 2023년 04월 21일 ""뉴스가 보입니다” 함께 분노하고, ...","문재인,민주당 때문에 나라가 개판되었네.. 전세사기,국채,공공요금,북한지원,일본문제 등... 큰 것만 이런데.. 작은거 까지하면..쩝~<br>상황이 이런데 이재명은 남탓만 하네..~ 쩝~ | 우선매수권을 주고 경매 2회 유찰 가격에 맞추어 주면 된다. | 국민의 안전이 우선이라면서..<br>주디를 그리 날려<br>해외국민들을 불안에 몰아넣냐? | 꼭 ㅈ 도없는것들이 힘있는 사람 믿고 까불다 D.지.지<br>학생이 학교에선 일진믿고..<br>건달이 윗 조폭믿고...<br>에휴.... | 전세 사기꾼들은 살인범과 다름없다 돈 돌려주지않으면 구속 저벌하라 🔥"
"&#39;인공지능으로 만든 콘텐츠&#39; 표기 의무화 법안 발의","본 영상은 23년 6월 5일에 진행된 라이브 영상 편집본입니다. 링크 : https://youtube.com/live/1rAsPL2CsQY?feature=share 편집 ...","지금 이 표기 의무화법안이 국회에 계류중에 있어 창작자들이 청원에 나섰습니다<br><br>무례한 부탁일수있지만 종범님께서도 홍보 를 도와주실순없을까요?<br><br>커뮤니티 한구석에 언급이라도 좋습니다<br>인슈님도 참여해주셨습니다. 부탁드립니다<br><br>댓글을 삭제하신다면 더이상 언급하지않겠습니다 | 표기만 하고 AI 활용하는 사람들이 있을 것 같아서 아쉽긴한데 그래도 AI의 심각성에 대해 인지하고 움직이려는 모습이 보여서 다행입니다. 유용한 영상 감사합니다! | 표기의무화 ㅋ 표기만 하면 마음껏 ai 사용하라는 거네 ㅋㅋ | 영상 감사합니다. 재밌어요. | 드디어 일하네..."
"Violences conjugales : à l&#39;Assemblée, l&#39;émotion d&#39;Aurore Bergé accusée d&#39;&quot;opportunisme politique&quot;","Accusée par une partie de l'opposition de manquer sincérité, Aurore Bergé s'est défendue, les larmes aux yeux. POLITIQUE ...","1 an après ça elle instrumentalise vraiment voleuse mdrr on ta attraper la main dans le sac | Hystérique | Aurore Berger je vais remettre la cage si tu continues à t&#39;echapper 😂😂😂😂😂 | Elle veut peut être un mouchoir ?? Ou un psy aussi | les violens conjugales est le sport officiel de la LFI, c est les spécialistes. Tu ne fait pas de violences conjugales tu ne rentre pas."
"[히든머니 프로젝트] 최영희, 국회법 어기고 일가족 위한 법안 발의 - 뉴스타파","국민의힘 최영희 의원이 자신의 가족에게 이익을 줄 수 있는 법안을 대표 발의하고도, 이를 신고하지 않은 것으로 드러났습니다.","구힘을 예로 들었지만 사실 문제는 국회임 ㅋㅋ 서로 해먹음 | 국익은  없고   오직   사입만 존재한다   의원직<br>간둬라 | 저런 **도 국회의원을 만들어주니 이런 사태가 생기지…<br>비례대표 없애야한다!<br>정치적 신념과 국민의 대표라는 생각은 아예 없고, 돈으로 국회의원이 되는 나라! | 잘 모르겠지만, 비례대표로 추천을 받을려면 일정액을 헌금 해야 하지요?<br>그러니 의원기간 4년안에 들인돈 3배이상은 뽑아내야 다음 공천때 헌금 하고 비례 빠른 번호로 받고 의원직 유지 해야잖아요.<br>돈널고 돈먹기 인데 왠말들이 많습니까?<br>뭐 이런 뜻 이지요? | 하나도 안예쁨"
"&quot;인구 문제 &#39;마지막&#39; 골든 타임&quot;..대책 마련 고심도 진짜 &#39;최종&#39;되어야 #Shorts(2023.02.24/뉴스프리데스크/MBC)","MBC&iMBC 무단 전재, 재배포 및 이용(AI학습 포함)금지.","저출산관심없는 무당정권 | 굥같은 넘 뽑아노코 멀바라쇼 | 국제결혼을 지원해줘야 해결됩니다.<br>한일커플이 가장 이상적인데 한국남자들 노력해주세요. | 골든타임 이미 지났음....그리고 애초에 노무현때 지역분산화랑 수도권이전 됬으면 이리 됬을까.. 오늘도 일부는 노무노무 라며 조롱하는 양반은 바보지만 선인이였다.  선인이 조롱받는 국가가 오래가는거 세계역사에서도본적이없다 | 그냥 망해 멀 또 아둥바둥하냐"
"민주, 국조·법안 쌍끌이 공세…與 &quot;거부권 건의&quot; 맞불 [굿모닝 와이티엔] 다시보기 2023년 11월 09일  / YTN","방송된 기사 내용은 YTN 홈페이지와 모바일 앱에서 확인하실 수 있습니다. ▷ YTN 뉴스보기 https://www.ytn.co.kr/ ▷ YTN APP 다운 ...","무능력 중앙정부 현실 | 남현희 공범 | 평일에는 평일아침에 YTN 굿모닝 와이티엔 1부 정지웅아나운서님 김정진 아나운서님 진행잘하시네요 목소리가 예쁘네요 김정진 아나운서님 기분좋은 아침이네요 활기차게 출발하시기바랄께요 YTN 굿모닝 와이티엔 2부 YTN 굿모닝 와이티엔 3부 나경철아나운서님 유다원아나운서님 진행잘하시고요 앞으로 평일아침에 월요일~금요일까지 아침4시50분~아침8시에 많이기대해주세요 초겨울 날씨 추운날씨 기온이 뚝 떨어졌어요 감기조심하세요 행복한하루보내세요 내일만나요^^~~😁😁😊😊☺☺😇😇💖💖💚💚 | 평일에는 평일아침에 YTN 굿모닝 와이티엔 1부 정지웅아나운서님 김정진 아나운서님 진행잘하시네요 목소리가 예쁘네요 김정진 아나운서님 기분좋은 아침이네요 활기차게 출발하시기바랄께요 YTN 굿모닝 와이티엔 2부 YTN 굿모닝 와이티엔 3부 나경철아나운서님 유다원아나운서님 진행잘하시고요 앞으로 평일아침에 월요일~금요일까지 아침4시50분~아침8시에 많이기대해주세요 초겨울 날씨 추운날씨 기온이 뚝 떨어졌어요 감기조심하세요 행복한하루보내세요 내일만나요^^~~😁😁😊😊☺☺😇😇💖💖💚💚 | 소리 안나는데요 관계자님"
"與 &#39;뉴시티 특위&#39; 첫 회의...&quot;서울 광역화 법안 연내 발의&quot; / YTN","김포시 서울 편입 등 도시 광역화 정책을 추진할 국민의힘 '뉴시티 프로젝트 특별위원회'가 올해 안에 법안 발의 같은 가시적인 성과를 ...","삽질하지말고  부정선거수사가 더 중요하다 | 천공이 그리 하라더냐? 그러면 선거 이긴다고? | 그냥 대한민국을 다 서울에 통합시키면 되긋네 | 사기꾼 sk들 | 아무리 개수작 부려봤자 국짐 느그들 총선 망했어"
"Drapeau européen sur la façade des mairies : l&#39;Assemblée nationale adopte la proposition de loi","Faut-il rendre obligatoires les drapeaux français et européens sur le fronton des mairies ? Très critiquée par une partie de ...","c&#39;est déjà le cas en Belgique et franchement ça ne me choque pas dutout... | et ça c’est un pays démocrate , libre ??? <br>foutaise de gueule ou tout passe à coup de bâton à 49,3 prison et amande si tu n’est pas content😈 | Mettez ce &quot;drapeau&quot; aux toilettes, pour en rappeler ses valeurs ! et encore...! | Inutile c’est vous renaissance | Ils n&#39;ont rien d&#39;autre à foutre? On s&#39;en fout du drapeau Européen....le notre, le seul, c&#39;est le Français.. !!"
"김기현·이재명, 첫 회동‥&quot;민생법안 처리&quot; (2023.03.15/12MBC뉴스)","김기현 국민의힘 대표와 이재명 더불어민주당 대표가 공식적인 첫 만남을 하고 민생 분야에서 협력하자는 데 뜻을 모았습니다. 김기현 ...","윤석열 정부놈들이 내놓은 쓰레기 법안들은 다 폐기해서 버릴거다. 특히 69시간 노동법 개악은 이재명 대표가 직접 반대 선언했지 | 띨띨이 듣보잡 인간이 뭘 하겠다고 ㅎ | 범죄 혐의 추정자와 협치라니...... 선거가 무섭다. | ㅡ<br>ㅡ야<br>ㅡ칼로  쑤시면서<br>ㅡ협조  해  달라고<br>ㅡ싸이코 냐ㆍ쏘시오 냐 | 국힘은 화합이 잘 되는데 민주당은 모하는거야...맨날 싸우고."
"Adrien Quatennens, condamné pour violences conjugales, de retour à l&#39;Assemblée nationale - 11012023","Le retour d'Adrien Quatennens, revenu siéger en tant que député non inscrit après sa condamnation pour violences conjugales, ...","Il a pris plus chers pour une baffe sur sa femme que tout les violeurs du gouvernement macron.. c’est ouf … le senateur centriste qui a drogué sa collegue député ? Circulez …. | une grande pure cette gergère sa place doit être dans ton lit Aurore | Je crois pas en ces conneries Je suis avec toi Adrien 🙏 | BRAVO M QUATTENNES 👍🇨🇵<br>FUTUR PRÉSIDENT DE LA 6 ème République 🇨🇵👏👏👏 BRAVO | Rentrez chez vous Adrien. Les français n&#39;ont pas besoin de vous 💛😊"
"민주, 국조·법안 쌍끌이 공세...與 &quot;거부권 건의&quot; 맞불 / YTN","[앵커] '김포 서울 편입론'과 '공매도 금지' 등 여당에 정책 이슈를 내줬던 더불어민주당이 국정조사와 쟁점법안 처리 카드로 국면 전환 ...","여당 원내대표란 놈이 거부권  행사를 대통령께 부탁드릴겁니다.. 이지럴.<br>대통령 꼬붕짓이나 평생해라 이 쓰레기놈아. | 공매도 금지하니까 귀신같이 주식만지는 국방부장관 ㅋㅋㅋㅋㅋ | 이제 일좀하네~~ 굿 | 민주당의 정신이 부자를 무너뜨려야 모두가 평등해진다는 사고를 가지고 있으니.그 정신이 대한민국을 꾸준히 침몰시키는것 | 민주당은 정말 노답이디"
"[이슈 Pick? Pick!] &quot;&#39;검수완박&#39; 통과 과정은 위법, 개정법 효력은 유지&quot; (2023.03.23)","1. ""'검수완박' 통과 과정은 위법, 개정법 효력은 유지"" 2. 역대 최대로 벌어진 한·미 금리차에도‥한은, 금리 동결할까? 3. 검·경, 정명석 ...","검수완박 검찰수사권 축소로 범죄자들<br>에게는 유리할뿐 극민에게는 악법이다<br>검수완박 즉각 폐지하라. | 똥인건 맞지만  똥덩어리는  아니다  ㅋㅋㅋㅋ | <a href=""https://www.youtube.com/watch?v=bHemuO2zC3g"">https://youtu.be/bHemuO2zC3g</a><br>ㆍ | 술은 먹었지만  음주운전은  아니다<br>밑장빼기를 맞지만  사기는 아니다<br>똥을  먹었지만  똥개는  아니다 | 술은 먹었지만  음주운전은  아니다<br>똥을  먹었지만  똥개는  아니다"
"Nuovo decreto sull&#39;immigrazione: cosa cambia?","Ce ne parla la nostra Micaela Foti #shorts.","I visti di ingresso  sono una pratica normale..  chi organizza le tratte e&#39; un criminale che sfrutta | Ma chi l’ha detto che gli scafisti non c’entrano nulla? Come fate a saperlo? Siete per caso stati lì? Mah, giornalismo basato su propaganda politica | Il tasso di criminalità degli stranieri è 6 volte maggiore rispetto agli italiani, il tasso di crimini violenti è 12 volte maggiore. L immigrazione clandestina è combattuta da tutte le nazioni del mondo tranne che in Italia.<br>Poi lascio ad ognuno l onestà intellettuale di ammettere che abbiamo un grosso problema. W l italia. | Topppp micaelaa | Ma lei è ovviamente di parte non avendo origini italiane..l&#39;italia è uno dei paesi piu accoglienti che esistano al mondo per i migranti..basta farsi un giro in europa e vedere quanto razzismo c&#39;è..io ho conosco tantissimi migranti che sono da anni nel mio paese e che vengono trattati come fratelli come è giusto che sia.."
"&#39;18세의 신체를 갖는 게 목표입니다&#39; 억만장자의 회춘 실험 - BBC News 코리아","미국 기술 기업가이자 억만장자인 브라이언 존슨(45)은 과학 기술로 신체 나이를 되돌리는 게 가능하다고 믿는다. 존슨은 매일 격렬한 ...","세포나이는 몰라도 뼈와 연골나이는 되돌리면 기적일껄 그건 | 얼굴보면 40대 중반 같아요 | 개발된다고 한들 비용이 어마어마할듯. 일단 인당 천억부터 하지않을까. 그래도 할 사람들 줄설듯. | 근데 50정도로 보이는게 씁슬 | 55세 같은데..."
"&quot;Oui au droit à la paresse, oui au droit à la retraite à 60 ans !&quot; revendique Sandrine Rousseau","Réforme des retraites : ""Oui au droit à la paresse, oui au droit à la retraite à 60 ans !"", revendique la députée écologiste Sandrine ...","Elle parle de bourgeois, mais les députés sont ils des laborieux ? | Ok j&#39;arrête de bosser | Non à prendre nos économies  tu te fous de nous | C est le nous chère madame de la surpopulation mondiale qui n a rien et qui perpétue la misère .....je ne paie pas pour tout le monde !!! On vous laisse entre vous et on s en va , on va voir comment vous allez vous en sortir sans nous !!!!! | Mr Attal qui rigole intérieurement lorsqu’il connaît la suite…"
"&#39;마음 속 후보&#39;/ &#39;조용히 나가기&#39; 법안? (230224 강아랑의 정치톡)","'마음 속 후보' ‣ '조용히 나가기' 법안? #국회방송 #NATV #국회라이브6 #강아랑 #정치톡 #원조 #윤핵관 #권성동 #지지후보 #김기현 ...","쌔빨간 거짓말?  어디서 맗이듣던 이야긴데?"
